path,family,old_status,new_status,old_final,new_final,old_title,old_description,old_canonical,old_h1_count,old_visible_words_approx,old_jsonld_blocks,new_title,new_description,new_canonical,new_h1_count,new_visible_words_approx,new_jsonld_blocks,initial_disposition,initial_reason
/,/,200,200,https://cosmicspiritguide.com/,https://csg-next.onrender.com/,Free Tarot Reading & Birth Chart Calculator | Cosmic Spirit Guide,"Get your free daily tarot reading and personalized birth chart. AI-powered astrology insights, compatibility tests, and spiritual guidance. No signup required for your first reading.",https://cosmicspiritguide.com,1,39,2,COSMIC SPIRIT GUIDE | Cosmic Astrology & Celestial Guidance,"Interactive birth charts, celestial map explorer, and cosmic readings.",,1,452,0,KEEP_SYNCED_OR_REVIEW_DUPLICATE,Route already resolves on new build; compare content and metadata before deciding canonical version.
/about,/about,200,404,https://cosmicspiritguide.com/about,https://csg-next.onrender.com/about,About Cosmic Spirit Guide | Free Tarot & Astrology Platform,"Meet Cosmic Spirit Guide — your AI-powered platform for free tarot readings, birth charts & astrology. Discover how we deliver personalized spiritual guidance.",https://cosmicspiritguide.com,2,248,2,404: This page could not be found.,"Interactive birth charts, celestial map explorer, and cosmic readings.",,1,57,0,REBUILD_REQUIRED,Trust/legal/entity page required for launch; rewrite/update rather than copy stale text.
/astrology/aquarius/aquarius,/astrology,200,404,https://cosmicspiritguide.com/astrology/aquarius/aquarius,https://csg-next.onrender.com/astrology/aquarius/aquarius,Aquarius Sun Aquarius Moon Meaning | Free Birth Chart Guide,"Learn what Aquarius Sun with Aquarius Moon means for personality, emotions, love, purpose, and your next step. Get a free birth chart reading.",https://cosmicspiritguide.com/astrology/aquarius/aquarius,2,241,2,404: This page could not be found.,"Interactive birth charts, celestial map explorer, and cosmic readings.",,1,57,0,REBUILD_PROGRAMMATIC_IF_UNIQUE,"Programmatic family; retain only with unique intent, deterministic factual data, useful copy, and non-duplicative internal links."
/astrology/aquarius/aries,/astrology,200,404,https://cosmicspiritguide.com/astrology/aquarius/aries,https://csg-next.onrender.com/astrology/aquarius/aries,Aquarius Sun Aries Moon Meaning | Free Birth Chart Guide,"Learn what Aquarius Sun with Aries Moon means for personality, emotions, love, purpose, and your next step. Get a free birth chart reading.",https://cosmicspiritguide.com/astrology/aquarius/aries,2,245,2,404: This page could not be found.,"Interactive birth charts, celestial map explorer, and cosmic readings.",,1,57,0,REBUILD_PROGRAMMATIC_IF_UNIQUE,"Programmatic family; retain only with unique intent, deterministic factual data, useful copy, and non-duplicative internal links."
/astrology/aquarius/cancer,/astrology,200,404,https://cosmicspiritguide.com/astrology/aquarius/cancer,https://csg-next.onrender.com/astrology/aquarius/cancer,Aquarius Sun Cancer Moon Meaning | Free Birth Chart Guide,"Learn what Aquarius Sun with Cancer Moon means for personality, emotions, love, purpose, and your next step. Get a free birth chart reading.",https://cosmicspiritguide.com/astrology/aquarius/cancer,2,244,2,404: This page could not be found.,"Interactive birth charts, celestial map explorer, and cosmic readings.",,1,57,0,REBUILD_PROGRAMMATIC_IF_UNIQUE,"Programmatic family; retain only with unique intent, deterministic factual data, useful copy, and non-duplicative internal links."
/astrology/aquarius/capricorn,/astrology,200,404,https://cosmicspiritguide.com/astrology/aquarius/capricorn,https://csg-next.onrender.com/astrology/aquarius/capricorn,Aquarius Sun Capricorn Moon Meaning | Free Birth Chart Guide,"Learn what Aquarius Sun with Capricorn Moon means for personality, emotions, love, purpose, and your next step. Get a free birth chart reading.",https://cosmicspiritguide.com/astrology/aquarius/capricorn,2,248,2,404: This page could not be found.,"Interactive birth charts, celestial map explorer, and cosmic readings.",,1,57,0,REBUILD_PROGRAMMATIC_IF_UNIQUE,"Programmatic family; retain only with unique intent, deterministic factual data, useful copy, and non-duplicative internal links."
/astrology/aquarius/gemini,/astrology,200,404,https://cosmicspiritguide.com/astrology/aquarius/gemini,https://csg-next.onrender.com/astrology/aquarius/gemini,Aquarius Sun Gemini Moon Meaning | Free Birth Chart Guide,"Learn what Aquarius Sun with Gemini Moon means for personality, emotions, love, purpose, and your next step. Get a free birth chart reading.",https://cosmicspiritguide.com/astrology/aquarius/gemini,2,243,2,404: This page could not be found.,"Interactive birth charts, celestial map explorer, and cosmic readings.",,1,57,0,REBUILD_PROGRAMMATIC_IF_UNIQUE,"Programmatic family; retain only with unique intent, deterministic factual data, useful copy, and non-duplicative internal links."
/astrology/aquarius/leo,/astrology,200,404,https://cosmicspiritguide.com/astrology/aquarius/leo,https://csg-next.onrender.com/astrology/aquarius/leo,Aquarius Sun Leo Moon Meaning | Free Birth Chart Guide,"Learn what Aquarius Sun with Leo Moon means for personality, emotions, love, purpose, and your next step. Get a free birth chart reading.",https://cosmicspiritguide.com/astrology/aquarius/leo,2,241,2,404: This page could not be found.,"Interactive birth charts, celestial map explorer, and cosmic readings.",,1,57,0,REBUILD_PROGRAMMATIC_IF_UNIQUE,"Programmatic family; retain only with unique intent, deterministic factual data, useful copy, and non-duplicative internal links."
/astrology/aquarius/libra,/astrology,200,404,https://cosmicspiritguide.com/astrology/aquarius/libra,https://csg-next.onrender.com/astrology/aquarius/libra,Aquarius Sun Libra Moon Meaning | Free Birth Chart Guide,"Learn what Aquarius Sun with Libra Moon means for personality, emotions, love, purpose, and your next step. Get a free birth chart reading.",https://cosmicspiritguide.com/astrology/aquarius/libra,2,244,2,404: This page could not be found.,"Interactive birth charts, celestial map explorer, and cosmic readings.",,1,57,0,REBUILD_PROGRAMMATIC_IF_UNIQUE,"Programmatic family; retain only with unique intent, deterministic factual data, useful copy, and non-duplicative internal links."
/astrology/aquarius/pisces,/astrology,200,404,https://cosmicspiritguide.com/astrology/aquarius/pisces,https://csg-next.onrender.com/astrology/aquarius/pisces,Aquarius Sun Pisces Moon Meaning | Free Birth Chart Guide,"Learn what Aquarius Sun with Pisces Moon means for personality, emotions, love, purpose, and your next step. Get a free birth chart reading.",https://cosmicspiritguide.com/astrology/aquarius/pisces,2,247,2,404: This page could not be found.,"Interactive birth charts, celestial map explorer, and cosmic readings.",,1,57,0,REBUILD_PROGRAMMATIC_IF_UNIQUE,"Programmatic family; retain only with unique intent, deterministic factual data, useful copy, and non-duplicative internal links."
/astrology/aquarius/sagittarius,/astrology,200,404,https://cosmicspiritguide.com/astrology/aquarius/sagittarius,https://csg-next.onrender.com/astrology/aquarius/sagittarius,Aquarius Sun Sagittarius Moon Meaning | Free Birth Chart Guide,"Learn what Aquarius Sun with Sagittarius Moon means for personality, emotions, love, purpose, and your next step. Get a free birth chart reading.",https://cosmicspiritguide.com/astrology/aquarius/sagittarius,2,246,2,404: This page could not be found.,"Interactive birth charts, celestial map explorer, and cosmic readings.",,1,57,0,REBUILD_PROGRAMMATIC_IF_UNIQUE,"Programmatic family; retain only with unique intent, deterministic factual data, useful copy, and non-duplicative internal links."
/astrology/aquarius/scorpio,/astrology,200,404,https://cosmicspiritguide.com/astrology/aquarius/scorpio,https://csg-next.onrender.com/astrology/aquarius/scorpio,Aquarius Sun Scorpio Moon Meaning | Free Birth Chart Guide,"Learn what Aquarius Sun with Scorpio Moon means for personality, emotions, love, purpose, and your next step. Get a free birth chart reading.",https://cosmicspiritguide.com/astrology/aquarius/scorpio,2,239,2,404: This page could not be found.,"Interactive birth charts, celestial map explorer, and cosmic readings.",,1,57,0,REBUILD_PROGRAMMATIC_IF_UNIQUE,"Programmatic family; retain only with unique intent, deterministic factual data, useful copy, and non-duplicative internal links."
/astrology/aquarius/taurus,/astrology,200,404,https://cosmicspiritguide.com/astrology/aquarius/taurus,https://csg-next.onrender.com/astrology/aquarius/taurus,Aquarius Sun Taurus Moon Meaning | Free Birth Chart Guide,"Learn what Aquarius Sun with Taurus Moon means for personality, emotions, love, purpose, and your next step. Get a free birth chart reading.",https://cosmicspiritguide.com/astrology/aquarius/taurus,2,241,2,404: This page could not be found.,"Interactive birth charts, celestial map explorer, and cosmic readings.",,1,57,0,REBUILD_PROGRAMMATIC_IF_UNIQUE,"Programmatic family; retain only with unique intent, deterministic factual data, useful copy, and non-duplicative internal links."
/astrology/aquarius/virgo,/astrology,200,404,https://cosmicspiritguide.com/astrology/aquarius/virgo,https://csg-next.onrender.com/astrology/aquarius/virgo,Aquarius Sun Virgo Moon Meaning | Free Birth Chart Guide,"Learn what Aquarius Sun with Virgo Moon means for personality, emotions, love, purpose, and your next step. Get a free birth chart reading.",https://cosmicspiritguide.com/astrology/aquarius/virgo,2,246,2,404: This page could not be found.,"Interactive birth charts, celestial map explorer, and cosmic readings.",,1,57,0,REBUILD_PROGRAMMATIC_IF_UNIQUE,"Programmatic family; retain only with unique intent, deterministic factual data, useful copy, and non-duplicative internal links."
/astrology/aries/aquarius,/astrology,200,404,https://cosmicspiritguide.com/astrology/aries/aquarius,https://csg-next.onrender.com/astrology/aries/aquarius,Aries Sun Aquarius Moon Meaning | Free Birth Chart Guide,"Learn what Aries Sun with Aquarius Moon means for personality, emotions, love, purpose, and your next step. Get a free birth chart reading.",https://cosmicspiritguide.com/astrology/aries/aquarius,2,245,2,404: This page could not be found.,"Interactive birth charts, celestial map explorer, and cosmic readings.",,1,57,0,REBUILD_PROGRAMMATIC_IF_UNIQUE,"Programmatic family; retain only with unique intent, deterministic factual data, useful copy, and non-duplicative internal links."
/astrology/aries/aries,/astrology,200,404,https://cosmicspiritguide.com/astrology/aries/aries,https://csg-next.onrender.com/astrology/aries/aries,Aries Sun Aries Moon Meaning | Free Birth Chart Guide,"Learn what Aries Sun with Aries Moon means for personality, emotions, love, purpose, and your next step. Get a free birth chart reading.",https://cosmicspiritguide.com/astrology/aries/aries,2,239,2,404: This page could not be found.,"Interactive birth charts, celestial map explorer, and cosmic readings.",,1,57,0,REBUILD_PROGRAMMATIC_IF_UNIQUE,"Programmatic family; retain only with unique intent, deterministic factual data, useful copy, and non-duplicative internal links."
/astrology/aries/cancer,/astrology,200,404,https://cosmicspiritguide.com/astrology/aries/cancer,https://csg-next.onrender.com/astrology/aries/cancer,Aries Sun Cancer Moon Meaning | Free Birth Chart Guide,"Learn what Aries Sun with Cancer Moon means for personality, emotions, love, purpose, and your next step. Get a free birth chart reading.",https://cosmicspiritguide.com/astrology/aries/cancer,2,236,2,404: This page could not be found.,"Interactive birth charts, celestial map explorer, and cosmic readings.",,1,57,0,REBUILD_PROGRAMMATIC_IF_UNIQUE,"Programmatic family; retain only with unique intent, deterministic factual data, useful copy, and non-duplicative internal links."
/astrology/aries/capricorn,/astrology,200,404,https://cosmicspiritguide.com/astrology/aries/capricorn,https://csg-next.onrender.com/astrology/aries/capricorn,Aries Sun Capricorn Moon Meaning | Free Birth Chart Guide,"Learn what Aries Sun with Capricorn Moon means for personality, emotions, love, purpose, and your next step. Get a free birth chart reading.",https://cosmicspiritguide.com/astrology/aries/capricorn,2,240,2,404: This page could not be found.,"Interactive birth charts, celestial map explorer, and cosmic readings.",,1,57,0,REBUILD_PROGRAMMATIC_IF_UNIQUE,"Programmatic family; retain only with unique intent, deterministic factual data, useful copy, and non-duplicative internal links."
/astrology/aries/gemini,/astrology,200,404,https://cosmicspiritguide.com/astrology/aries/gemini,https://csg-next.onrender.com/astrology/aries/gemini,Aries Sun Gemini Moon Meaning | Free Birth Chart Guide,"Learn what Aries Sun with Gemini Moon means for personality, emotions, love, purpose, and your next step. Get a free birth chart reading.",https://cosmicspiritguide.com/astrology/aries/gemini,2,247,2,404: This page could not be found.,"Interactive birth charts, celestial map explorer, and cosmic readings.",,1,57,0,REBUILD_PROGRAMMATIC_IF_UNIQUE,"Programmatic family; retain only with unique intent, deterministic factual data, useful copy, and non-duplicative internal links."
/astrology/aries/leo,/astrology,200,404,https://cosmicspiritguide.com/astrology/aries/leo,https://csg-next.onrender.com/astrology/aries/leo,Aries Sun Leo Moon Meaning | Free Birth Chart Guide,"Learn what Aries Sun with Leo Moon means for personality, emotions, love, purpose, and your next step. Get a free birth chart reading.",https://cosmicspiritguide.com/astrology/aries/leo,2,242,2,404: This page could not be found.,"Interactive birth charts, celestial map explorer, and cosmic readings.",,1,57,0,REBUILD_PROGRAMMATIC_IF_UNIQUE,"Programmatic family; retain only with unique intent, deterministic factual data, useful copy, and non-duplicative internal links."
/astrology/aries/libra,/astrology,200,404,https://cosmicspiritguide.com/astrology/aries/libra,https://csg-next.onrender.com/astrology/aries/libra,Aries Sun Libra Moon Meaning | Free Birth Chart Guide,"Learn what Aries Sun with Libra Moon means for personality, emotions, love, purpose, and your next step. Get a free birth chart reading.",https://cosmicspiritguide.com/astrology/aries/libra,2,241,2,404: This page could not be found.,"Interactive birth charts, celestial map explorer, and cosmic readings.",,1,57,0,REBUILD_PROGRAMMATIC_IF_UNIQUE,"Programmatic family; retain only with unique intent, deterministic factual data, useful copy, and non-duplicative internal links."
/astrology/aries/pisces,/astrology,200,404,https://cosmicspiritguide.com/astrology/aries/pisces,https://csg-next.onrender.com/astrology/aries/pisces,Aries Sun Pisces Moon Meaning | Free Birth Chart Guide,"Learn what Aries Sun with Pisces Moon means for personality, emotions, love, purpose, and your next step. Get a free birth chart reading.",https://cosmicspiritguide.com/astrology/aries/pisces,2,246,2,404: This page could not be found.,"Interactive birth charts, celestial map explorer, and cosmic readings.",,1,57,0,REBUILD_PROGRAMMATIC_IF_UNIQUE,"Programmatic family; retain only with unique intent, deterministic factual data, useful copy, and non-duplicative internal links."
/astrology/aries/sagittarius,/astrology,200,404,https://cosmicspiritguide.com/astrology/aries/sagittarius,https://csg-next.onrender.com/astrology/aries/sagittarius,Aries Sun Sagittarius Moon Meaning | Free Birth Chart Guide,"Learn what Aries Sun with Sagittarius Moon means for personality, emotions, love, purpose, and your next step. Get a free birth chart reading.",https://cosmicspiritguide.com/astrology/aries/sagittarius,2,240,2,404: This page could not be found.,"Interactive birth charts, celestial map explorer, and cosmic readings.",,1,57,0,REBUILD_PROGRAMMATIC_IF_UNIQUE,"Programmatic family; retain only with unique intent, deterministic factual data, useful copy, and non-duplicative internal links."
/astrology/aries/scorpio,/astrology,200,404,https://cosmicspiritguide.com/astrology/aries/scorpio,https://csg-next.onrender.com/astrology/aries/scorpio,Aries Sun Scorpio Moon Meaning | Free Birth Chart Guide,"Learn what Aries Sun with Scorpio Moon means for personality, emotions, love, purpose, and your next step. Get a free birth chart reading.",https://cosmicspiritguide.com/astrology/aries/scorpio,2,245,2,404: This page could not be found.,"Interactive birth charts, celestial map explorer, and cosmic readings.",,1,57,0,REBUILD_PROGRAMMATIC_IF_UNIQUE,"Programmatic family; retain only with unique intent, deterministic factual data, useful copy, and non-duplicative internal links."
/astrology/aries/taurus,/astrology,200,404,https://cosmicspiritguide.com/astrology/aries/taurus,https://csg-next.onrender.com/astrology/aries/taurus,Aries Sun Taurus Moon Meaning | Free Birth Chart Guide,"Learn what Aries Sun with Taurus Moon means for personality, emotions, love, purpose, and your next step. Get a free birth chart reading.",https://cosmicspiritguide.com/astrology/aries/taurus,2,247,2,404: This page could not be found.,"Interactive birth charts, celestial map explorer, and cosmic readings.",,1,57,0,REBUILD_PROGRAMMATIC_IF_UNIQUE,"Programmatic family; retain only with unique intent, deterministic factual data, useful copy, and non-duplicative internal links."
/astrology/aries/virgo,/astrology,200,404,https://cosmicspiritguide.com/astrology/aries/virgo,https://csg-next.onrender.com/astrology/aries/virgo,Aries Sun Virgo Moon Meaning | Free Birth Chart Guide,"Learn what Aries Sun with Virgo Moon means for personality, emotions, love, purpose, and your next step. Get a free birth chart reading.",https://cosmicspiritguide.com/astrology/aries/virgo,2,245,2,404: This page could not be found.,"Interactive birth charts, celestial map explorer, and cosmic readings.",,1,57,0,REBUILD_PROGRAMMATIC_IF_UNIQUE,"Programmatic family; retain only with unique intent, deterministic factual data, useful copy, and non-duplicative internal links."
/astrology/cancer/aquarius,/astrology,200,404,https://cosmicspiritguide.com/astrology/cancer/aquarius,https://csg-next.onrender.com/astrology/cancer/aquarius,Cancer Sun Aquarius Moon Meaning | Free Birth Chart Guide,"Learn what Cancer Sun with Aquarius Moon means for personality, emotions, love, purpose, and your next step. Get a free birth chart reading.",https://cosmicspiritguide.com/astrology/cancer/aquarius,2,244,2,404: This page could not be found.,"Interactive birth charts, celestial map explorer, and cosmic readings.",,1,57,0,REBUILD_PROGRAMMATIC_IF_UNIQUE,"Programmatic family; retain only with unique intent, deterministic factual data, useful copy, and non-duplicative internal links."
/astrology/cancer/aries,/astrology,200,404,https://cosmicspiritguide.com/astrology/cancer/aries,https://csg-next.onrender.com/astrology/cancer/aries,Cancer Sun Aries Moon Meaning | Free Birth Chart Guide,"Learn what Cancer Sun with Aries Moon means for personality, emotions, love, purpose, and your next step. Get a free birth chart reading.",https://cosmicspiritguide.com/astrology/cancer/aries,2,236,2,404: This page could not be found.,"Interactive birth charts, celestial map explorer, and cosmic readings.",,1,57,0,REBUILD_PROGRAMMATIC_IF_UNIQUE,"Programmatic family; retain only with unique intent, deterministic factual data, useful copy, and non-duplicative internal links."
/astrology/cancer/cancer,/astrology,200,404,https://cosmicspiritguide.com/astrology/cancer/cancer,https://csg-next.onrender.com/astrology/cancer/cancer,Cancer Sun Cancer Moon Meaning | Free Birth Chart Guide,"Learn what Cancer Sun with Cancer Moon means for personality, emotions, love, purpose, and your next step. Get a free birth chart reading.",https://cosmicspiritguide.com/astrology/cancer/cancer,2,237,2,404: This page could not be found.,"Interactive birth charts, celestial map explorer, and cosmic readings.",,1,57,0,REBUILD_PROGRAMMATIC_IF_UNIQUE,"Programmatic family; retain only with unique intent, deterministic factual data, useful copy, and non-duplicative internal links."
/astrology/cancer/capricorn,/astrology,200,404,https://cosmicspiritguide.com/astrology/cancer/capricorn,https://csg-next.onrender.com/astrology/cancer/capricorn,Cancer Sun Capricorn Moon Meaning | Free Birth Chart Guide,"Learn what Cancer Sun with Capricorn Moon means for personality, emotions, love, purpose, and your next step. Get a free birth chart reading.",https://cosmicspiritguide.com/astrology/cancer/capricorn,2,239,2,404: This page could not be found.,"Interactive birth charts, celestial map explorer, and cosmic readings.",,1,57,0,REBUILD_PROGRAMMATIC_IF_UNIQUE,"Programmatic family; retain only with unique intent, deterministic factual data, useful copy, and non-duplicative internal links."
/astrology/cancer/gemini,/astrology,200,404,https://cosmicspiritguide.com/astrology/cancer/gemini,https://csg-next.onrender.com/astrology/cancer/gemini,Cancer Sun Gemini Moon Meaning | Free Birth Chart Guide,"Learn what Cancer Sun with Gemini Moon means for personality, emotions, love, purpose, and your next step. Get a free birth chart reading.",https://cosmicspiritguide.com/astrology/cancer/gemini,2,246,2,404: This page could not be found.,"Interactive birth charts, celestial map explorer, and cosmic readings.",,1,57,0,REBUILD_PROGRAMMATIC_IF_UNIQUE,"Programmatic family; retain only with unique intent, deterministic factual data, useful copy, and non-duplicative internal links."
/astrology/cancer/leo,/astrology,200,404,https://cosmicspiritguide.com/astrology/cancer/leo,https://csg-next.onrender.com/astrology/cancer/leo,Cancer Sun Leo Moon Meaning | Free Birth Chart Guide,"Learn what Cancer Sun with Leo Moon means for personality, emotions, love, purpose, and your next step. Get a free birth chart reading.",https://cosmicspiritguide.com/astrology/cancer/leo,2,246,2,404: This page could not be found.,"Interactive birth charts, celestial map explorer, and cosmic readings.",,1,57,0,REBUILD_PROGRAMMATIC_IF_UNIQUE,"Programmatic family; retain only with unique intent, deterministic factual data, useful copy, and non-duplicative internal links."
/astrology/cancer/libra,/astrology,200,404,https://cosmicspiritguide.com/astrology/cancer/libra,https://csg-next.onrender.com/astrology/cancer/libra,Cancer Sun Libra Moon Meaning | Free Birth Chart Guide,"Learn what Cancer Sun with Libra Moon means for personality, emotions, love, purpose, and your next step. Get a free birth chart reading.",https://cosmicspiritguide.com/astrology/cancer/libra,2,240,2,404: This page could not be found.,"Interactive birth charts, celestial map explorer, and cosmic readings.",,1,57,0,REBUILD_PROGRAMMATIC_IF_UNIQUE,"Programmatic family; retain only with unique intent, deterministic factual data, useful copy, and non-duplicative internal links."
/astrology/cancer/pisces,/astrology,200,404,https://cosmicspiritguide.com/astrology/cancer/pisces,https://csg-next.onrender.com/astrology/cancer/pisces,Cancer Sun Pisces Moon Meaning | Free Birth Chart Guide,"Learn what Cancer Sun with Pisces Moon means for personality, emotions, love, purpose, and your next step. Get a free birth chart reading.",https://cosmicspiritguide.com/astrology/cancer/pisces,2,240,2,404: This page could not be found.,"Interactive birth charts, celestial map explorer, and cosmic readings.",,1,57,0,REBUILD_PROGRAMMATIC_IF_UNIQUE,"Programmatic family; retain only with unique intent, deterministic factual data, useful copy, and non-duplicative internal links."
/astrology/cancer/sagittarius,/astrology,200,404,https://cosmicspiritguide.com/astrology/cancer/sagittarius,https://csg-next.onrender.com/astrology/cancer/sagittarius,Cancer Sun Sagittarius Moon Meaning | Free Birth Chart Guide,"Learn what Cancer Sun with Sagittarius Moon means for personality, emotions, love, purpose, and your next step. Get a free birth chart reading.",https://cosmicspiritguide.com/astrology/cancer/sagittarius,2,244,2,404: This page could not be found.,"Interactive birth charts, celestial map explorer, and cosmic readings.",,1,57,0,REBUILD_PROGRAMMATIC_IF_UNIQUE,"Programmatic family; retain only with unique intent, deterministic factual data, useful copy, and non-duplicative internal links."
/astrology/cancer/scorpio,/astrology,200,404,https://cosmicspiritguide.com/astrology/cancer/scorpio,https://csg-next.onrender.com/astrology/cancer/scorpio,Cancer Sun Scorpio Moon Meaning | Free Birth Chart Guide,"Learn what Cancer Sun with Scorpio Moon means for personality, emotions, love, purpose, and your next step. Get a free birth chart reading.",https://cosmicspiritguide.com/astrology/cancer/scorpio,2,239,2,404: This page could not be found.,"Interactive birth charts, celestial map explorer, and cosmic readings.",,1,57,0,REBUILD_PROGRAMMATIC_IF_UNIQUE,"Programmatic family; retain only with unique intent, deterministic factual data, useful copy, and non-duplicative internal links."
/astrology/cancer/taurus,/astrology,200,404,https://cosmicspiritguide.com/astrology/cancer/taurus,https://csg-next.onrender.com/astrology/cancer/taurus,Cancer Sun Taurus Moon Meaning | Free Birth Chart Guide,"Learn what Cancer Sun with Taurus Moon means for personality, emotions, love, purpose, and your next step. Get a free birth chart reading.",https://cosmicspiritguide.com/astrology/cancer/taurus,2,246,2,404: This page could not be found.,"Interactive birth charts, celestial map explorer, and cosmic readings.",,1,57,0,REBUILD_PROGRAMMATIC_IF_UNIQUE,"Programmatic family; retain only with unique intent, deterministic factual data, useful copy, and non-duplicative internal links."
/astrology/cancer/virgo,/astrology,200,404,https://cosmicspiritguide.com/astrology/cancer/virgo,https://csg-next.onrender.com/astrology/cancer/virgo,Cancer Sun Virgo Moon Meaning | Free Birth Chart Guide,"Learn what Cancer Sun with Virgo Moon means for personality, emotions, love, purpose, and your next step. Get a free birth chart reading.",https://cosmicspiritguide.com/astrology/cancer/virgo,2,244,2,404: This page could not be found.,"Interactive birth charts, celestial map explorer, and cosmic readings.",,1,57,0,REBUILD_PROGRAMMATIC_IF_UNIQUE,"Programmatic family; retain only with unique intent, deterministic factual data, useful copy, and non-duplicative internal links."
/astrology/capricorn/aquarius,/astrology,200,404,https://cosmicspiritguide.com/astrology/capricorn/aquarius,https://csg-next.onrender.com/astrology/capricorn/aquarius,Capricorn Sun Aquarius Moon Meaning | Free Birth Chart Guide,"Learn what Capricorn Sun with Aquarius Moon means for personality, emotions, love, purpose, and your next step. Get a free birth chart reading.",https://cosmicspiritguide.com/astrology/capricorn/aquarius,2,248,2,404: This page could not be found.,"Interactive birth charts, celestial map explorer, and cosmic readings.",,1,57,0,REBUILD_PROGRAMMATIC_IF_UNIQUE,"Programmatic family; retain only with unique intent, deterministic factual data, useful copy, and non-duplicative internal links."
/astrology/capricorn/aries,/astrology,200,404,https://cosmicspiritguide.com/astrology/capricorn/aries,https://csg-next.onrender.com/astrology/capricorn/aries,Capricorn Sun Aries Moon Meaning | Free Birth Chart Guide,"Learn what Capricorn Sun with Aries Moon means for personality, emotions, love, purpose, and your next step. Get a free birth chart reading.",https://cosmicspiritguide.com/astrology/capricorn/aries,2,240,2,404: This page could not be found.,"Interactive birth charts, celestial map explorer, and cosmic readings.",,1,57,0,REBUILD_PROGRAMMATIC_IF_UNIQUE,"Programmatic family; retain only with unique intent, deterministic factual data, useful copy, and non-duplicative internal links."
/astrology/capricorn/cancer,/astrology,200,404,https://cosmicspiritguide.com/astrology/capricorn/cancer,https://csg-next.onrender.com/astrology/capricorn/cancer,Capricorn Sun Cancer Moon Meaning | Free Birth Chart Guide,"Learn what Capricorn Sun with Cancer Moon means for personality, emotions, love, purpose, and your next step. Get a free birth chart reading.",https://cosmicspiritguide.com/astrology/capricorn/cancer,2,239,2,404: This page could not be found.,"Interactive birth charts, celestial map explorer, and cosmic readings.",,1,57,0,REBUILD_PROGRAMMATIC_IF_UNIQUE,"Programmatic family; retain only with unique intent, deterministic factual data, useful copy, and non-duplicative internal links."
/astrology/capricorn/capricorn,/astrology,200,404,https://cosmicspiritguide.com/astrology/capricorn/capricorn,https://csg-next.onrender.com/astrology/capricorn/capricorn,Capricorn Sun Capricorn Moon Meaning | Free Birth Chart Guide,"Learn what Capricorn Sun with Capricorn Moon means for personality, emotions, love, purpose, and your next step. Get a free birth chart reading.",https://cosmicspiritguide.com/astrology/capricorn/capricorn,2,245,2,404: This page could not be found.,"Interactive birth charts, celestial map explorer, and cosmic readings.",,1,57,0,REBUILD_PROGRAMMATIC_IF_UNIQUE,"Programmatic family; retain only with unique intent, deterministic factual data, useful copy, and non-duplicative internal links."
/astrology/capricorn/gemini,/astrology,200,404,https://cosmicspiritguide.com/astrology/capricorn/gemini,https://csg-next.onrender.com/astrology/capricorn/gemini,Capricorn Sun Gemini Moon Meaning | Free Birth Chart Guide,"Learn what Capricorn Sun with Gemini Moon means for personality, emotions, love, purpose, and your next step. Get a free birth chart reading.",https://cosmicspiritguide.com/astrology/capricorn/gemini,2,250,2,404: This page could not be found.,"Interactive birth charts, celestial map explorer, and cosmic readings.",,1,57,0,REBUILD_PROGRAMMATIC_IF_UNIQUE,"Programmatic family; retain only with unique intent, deterministic factual data, useful copy, and non-duplicative internal links."
/astrology/capricorn/leo,/astrology,200,404,https://cosmicspiritguide.com/astrology/capricorn/leo,https://csg-next.onrender.com/astrology/capricorn/leo,Capricorn Sun Leo Moon Meaning | Free Birth Chart Guide,"Learn what Capricorn Sun with Leo Moon means for personality, emotions, love, purpose, and your next step. Get a free birth chart reading.",https://cosmicspiritguide.com/astrology/capricorn/leo,2,250,2,404: This page could not be found.,"Interactive birth charts, celestial map explorer, and cosmic readings.",,1,57,0,REBUILD_PROGRAMMATIC_IF_UNIQUE,"Programmatic family; retain only with unique intent, deterministic factual data, useful copy, and non-duplicative internal links."
/astrology/capricorn/libra,/astrology,200,404,https://cosmicspiritguide.com/astrology/capricorn/libra,https://csg-next.onrender.com/astrology/capricorn/libra,Capricorn Sun Libra Moon Meaning | Free Birth Chart Guide,"Learn what Capricorn Sun with Libra Moon means for personality, emotions, love, purpose, and your next step. Get a free birth chart reading.",https://cosmicspiritguide.com/astrology/capricorn/libra,2,244,2,404: This page could not be found.,"Interactive birth charts, celestial map explorer, and cosmic readings.",,1,57,0,REBUILD_PROGRAMMATIC_IF_UNIQUE,"Programmatic family; retain only with unique intent, deterministic factual data, useful copy, and non-duplicative internal links."
/astrology/capricorn/pisces,/astrology,200,404,https://cosmicspiritguide.com/astrology/capricorn/pisces,https://csg-next.onrender.com/astrology/capricorn/pisces,Capricorn Sun Pisces Moon Meaning | Free Birth Chart Guide,"Learn what Capricorn Sun with Pisces Moon means for personality, emotions, love, purpose, and your next step. Get a free birth chart reading.",https://cosmicspiritguide.com/astrology/capricorn/pisces,2,249,2,404: This page could not be found.,"Interactive birth charts, celestial map explorer, and cosmic readings.",,1,57,0,REBUILD_PROGRAMMATIC_IF_UNIQUE,"Programmatic family; retain only with unique intent, deterministic factual data, useful copy, and non-duplicative internal links."
/astrology/capricorn/sagittarius,/astrology,200,404,https://cosmicspiritguide.com/astrology/capricorn/sagittarius,https://csg-next.onrender.com/astrology/capricorn/sagittarius,Capricorn Sun Sagittarius Moon Meaning | Free Birth Chart Guide,"Learn what Capricorn Sun with Sagittarius Moon means for personality, emotions, love, purpose, and your next step. Get a free birth chart reading.",https://cosmicspiritguide.com/astrology/capricorn/sagittarius,2,248,2,404: This page could not be found.,"Interactive birth charts, celestial map explorer, and cosmic readings.",,1,57,0,REBUILD_PROGRAMMATIC_IF_UNIQUE,"Programmatic family; retain only with unique intent, deterministic factual data, useful copy, and non-duplicative internal links."
/astrology/capricorn/scorpio,/astrology,200,404,https://cosmicspiritguide.com/astrology/capricorn/scorpio,https://csg-next.onrender.com/astrology/capricorn/scorpio,Capricorn Sun Scorpio Moon Meaning | Free Birth Chart Guide,"Learn what Capricorn Sun with Scorpio Moon means for personality, emotions, love, purpose, and your next step. Get a free birth chart reading.",https://cosmicspiritguide.com/astrology/capricorn/scorpio,2,248,2,404: This page could not be found.,"Interactive birth charts, celestial map explorer, and cosmic readings.",,1,57,0,REBUILD_PROGRAMMATIC_IF_UNIQUE,"Programmatic family; retain only with unique intent, deterministic factual data, useful copy, and non-duplicative internal links."
/astrology/capricorn/taurus,/astrology,200,404,https://cosmicspiritguide.com/astrology/capricorn/taurus,https://csg-next.onrender.com/astrology/capricorn/taurus,Capricorn Sun Taurus Moon Meaning | Free Birth Chart Guide,"Learn what Capricorn Sun with Taurus Moon means for personality, emotions, love, purpose, and your next step. Get a free birth chart reading.",https://cosmicspiritguide.com/astrology/capricorn/taurus,2,245,2,404: This page could not be found.,"Interactive birth charts, celestial map explorer, and cosmic readings.",,1,57,0,REBUILD_PROGRAMMATIC_IF_UNIQUE,"Programmatic family; retain only with unique intent, deterministic factual data, useful copy, and non-duplicative internal links."
/astrology/capricorn/virgo,/astrology,200,404,https://cosmicspiritguide.com/astrology/capricorn/virgo,https://csg-next.onrender.com/astrology/capricorn/virgo,Capricorn Sun Virgo Moon Meaning | Free Birth Chart Guide,"Learn what Capricorn Sun with Virgo Moon means for personality, emotions, love, purpose, and your next step. Get a free birth chart reading.",https://cosmicspiritguide.com/astrology/capricorn/virgo,2,243,2,404: This page could not be found.,"Interactive birth charts, celestial map explorer, and cosmic readings.",,1,57,0,REBUILD_PROGRAMMATIC_IF_UNIQUE,"Programmatic family; retain only with unique intent, deterministic factual data, useful copy, and non-duplicative internal links."
/astrology/gemini/aquarius,/astrology,200,404,https://cosmicspiritguide.com/astrology/gemini/aquarius,https://csg-next.onrender.com/astrology/gemini/aquarius,Gemini Sun Aquarius Moon Meaning | Free Birth Chart Guide,"Learn what Gemini Sun with Aquarius Moon means for personality, emotions, love, purpose, and your next step. Get a free birth chart reading.",https://cosmicspiritguide.com/astrology/gemini/aquarius,2,242,2,404: This page could not be found.,"Interactive birth charts, celestial map explorer, and cosmic readings.",,1,57,0,REBUILD_PROGRAMMATIC_IF_UNIQUE,"Programmatic family; retain only with unique intent, deterministic factual data, useful copy, and non-duplicative internal links."
/astrology/gemini/aries,/astrology,200,404,https://cosmicspiritguide.com/astrology/gemini/aries,https://csg-next.onrender.com/astrology/gemini/aries,Gemini Sun Aries Moon Meaning | Free Birth Chart Guide,"Learn what Gemini Sun with Aries Moon means for personality, emotions, love, purpose, and your next step. Get a free birth chart reading.",https://cosmicspiritguide.com/astrology/gemini/aries,2,246,2,404: This page could not be found.,"Interactive birth charts, celestial map explorer, and cosmic readings.",,1,57,0,REBUILD_PROGRAMMATIC_IF_UNIQUE,"Programmatic family; retain only with unique intent, deterministic factual data, useful copy, and non-duplicative internal links."
/astrology/gemini/cancer,/astrology,200,404,https://cosmicspiritguide.com/astrology/gemini/cancer,https://csg-next.onrender.com/astrology/gemini/cancer,Gemini Sun Cancer Moon Meaning | Free Birth Chart Guide,"Learn what Gemini Sun with Cancer Moon means for personality, emotions, love, purpose, and your next step. Get a free birth chart reading.",https://cosmicspiritguide.com/astrology/gemini/cancer,2,245,2,404: This page could not be found.,"Interactive birth charts, celestial map explorer, and cosmic readings.",,1,57,0,REBUILD_PROGRAMMATIC_IF_UNIQUE,"Programmatic family; retain only with unique intent, deterministic factual data, useful copy, and non-duplicative internal links."
/astrology/gemini/capricorn,/astrology,200,404,https://cosmicspiritguide.com/astrology/gemini/capricorn,https://csg-next.onrender.com/astrology/gemini/capricorn,Gemini Sun Capricorn Moon Meaning | Free Birth Chart Guide,"Learn what Gemini Sun with Capricorn Moon means for personality, emotions, love, purpose, and your next step. Get a free birth chart reading.",https://cosmicspiritguide.com/astrology/gemini/capricorn,2,249,2,404: This page could not be found.,"Interactive birth charts, celestial map explorer, and cosmic readings.",,1,57,0,REBUILD_PROGRAMMATIC_IF_UNIQUE,"Programmatic family; retain only with unique intent, deterministic factual data, useful copy, and non-duplicative internal links."
/astrology/gemini/gemini,/astrology,200,404,https://cosmicspiritguide.com/astrology/gemini/gemini,https://csg-next.onrender.com/astrology/gemini/gemini,Gemini Sun Gemini Moon Meaning | Free Birth Chart Guide,"Learn what Gemini Sun with Gemini Moon means for personality, emotions, love, purpose, and your next step. Get a free birth chart reading.",https://cosmicspiritguide.com/astrology/gemini/gemini,2,244,2,404: This page could not be found.,"Interactive birth charts, celestial map explorer, and cosmic readings.",,1,57,0,REBUILD_PROGRAMMATIC_IF_UNIQUE,"Programmatic family; retain only with unique intent, deterministic factual data, useful copy, and non-duplicative internal links."
/astrology/gemini/leo,/astrology,200,404,https://cosmicspiritguide.com/astrology/gemini/leo,https://csg-next.onrender.com/astrology/gemini/leo,Gemini Sun Leo Moon Meaning | Free Birth Chart Guide,"Learn what Gemini Sun with Leo Moon means for personality, emotions, love, purpose, and your next step. Get a free birth chart reading.",https://cosmicspiritguide.com/astrology/gemini/leo,2,249,2,404: This page could not be found.,"Interactive birth charts, celestial map explorer, and cosmic readings.",,1,57,0,REBUILD_PROGRAMMATIC_IF_UNIQUE,"Programmatic family; retain only with unique intent, deterministic factual data, useful copy, and non-duplicative internal links."
/astrology/gemini/libra,/astrology,200,404,https://cosmicspiritguide.com/astrology/gemini/libra,https://csg-next.onrender.com/astrology/gemini/libra,Gemini Sun Libra Moon Meaning | Free Birth Chart Guide,"Learn what Gemini Sun with Libra Moon means for personality, emotions, love, purpose, and your next step. Get a free birth chart reading.",https://cosmicspiritguide.com/astrology/gemini/libra,2,245,2,404: This page could not be found.,"Interactive birth charts, celestial map explorer, and cosmic readings.",,1,57,0,REBUILD_PROGRAMMATIC_IF_UNIQUE,"Programmatic family; retain only with unique intent, deterministic factual data, useful copy, and non-duplicative internal links."
/astrology/gemini/pisces,/astrology,200,404,https://cosmicspiritguide.com/astrology/gemini/pisces,https://csg-next.onrender.com/astrology/gemini/pisces,Gemini Sun Pisces Moon Meaning | Free Birth Chart Guide,"Learn what Gemini Sun with Pisces Moon means for personality, emotions, love, purpose, and your next step. Get a free birth chart reading.",https://cosmicspiritguide.com/astrology/gemini/pisces,2,241,2,404: This page could not be found.,"Interactive birth charts, celestial map explorer, and cosmic readings.",,1,57,0,REBUILD_PROGRAMMATIC_IF_UNIQUE,"Programmatic family; retain only with unique intent, deterministic factual data, useful copy, and non-duplicative internal links."
/astrology/gemini/sagittarius,/astrology,200,404,https://cosmicspiritguide.com/astrology/gemini/sagittarius,https://csg-next.onrender.com/astrology/gemini/sagittarius,Gemini Sun Sagittarius Moon Meaning | Free Birth Chart Guide,"Learn what Gemini Sun with Sagittarius Moon means for personality, emotions, love, purpose, and your next step. Get a free birth chart reading.",https://cosmicspiritguide.com/astrology/gemini/sagittarius,2,240,2,404: This page could not be found.,"Interactive birth charts, celestial map explorer, and cosmic readings.",,1,57,0,REBUILD_PROGRAMMATIC_IF_UNIQUE,"Programmatic family; retain only with unique intent, deterministic factual data, useful copy, and non-duplicative internal links."
/astrology/gemini/scorpio,/astrology,200,404,https://cosmicspiritguide.com/astrology/gemini/scorpio,https://csg-next.onrender.com/astrology/gemini/scorpio,Gemini Sun Scorpio Moon Meaning | Free Birth Chart Guide,"Learn what Gemini Sun with Scorpio Moon means for personality, emotions, love, purpose, and your next step. Get a free birth chart reading.",https://cosmicspiritguide.com/astrology/gemini/scorpio,2,247,2,404: This page could not be found.,"Interactive birth charts, celestial map explorer, and cosmic readings.",,1,57,0,REBUILD_PROGRAMMATIC_IF_UNIQUE,"Programmatic family; retain only with unique intent, deterministic factual data, useful copy, and non-duplicative internal links."
/astrology/gemini/taurus,/astrology,200,404,https://cosmicspiritguide.com/astrology/gemini/taurus,https://csg-next.onrender.com/astrology/gemini/taurus,Gemini Sun Taurus Moon Meaning | Free Birth Chart Guide,"Learn what Gemini Sun with Taurus Moon means for personality, emotions, love, purpose, and your next step. Get a free birth chart reading.",https://cosmicspiritguide.com/astrology/gemini/taurus,2,249,2,404: This page could not be found.,"Interactive birth charts, celestial map explorer, and cosmic readings.",,1,57,0,REBUILD_PROGRAMMATIC_IF_UNIQUE,"Programmatic family; retain only with unique intent, deterministic factual data, useful copy, and non-duplicative internal links."
/astrology/gemini/virgo,/astrology,200,404,https://cosmicspiritguide.com/astrology/gemini/virgo,https://csg-next.onrender.com/astrology/gemini/virgo,Gemini Sun Virgo Moon Meaning | Free Birth Chart Guide,"Learn what Gemini Sun with Virgo Moon means for personality, emotions, love, purpose, and your next step. Get a free birth chart reading.",https://cosmicspiritguide.com/astrology/gemini/virgo,2,240,2,404: This page could not be found.,"Interactive birth charts, celestial map explorer, and cosmic readings.",,1,57,0,REBUILD_PROGRAMMATIC_IF_UNIQUE,"Programmatic family; retain only with unique intent, deterministic factual data, useful copy, and non-duplicative internal links."
/astrology/leo/aquarius,/astrology,200,404,https://cosmicspiritguide.com/astrology/leo/aquarius,https://csg-next.onrender.com/astrology/leo/aquarius,Leo Sun Aquarius Moon Meaning | Free Birth Chart Guide,"Learn what Leo Sun with Aquarius Moon means for personality, emotions, love, purpose, and your next step. Get a free birth chart reading.",https://cosmicspiritguide.com/astrology/leo/aquarius,2,240,2,404: This page could not be found.,"Interactive birth charts, celestial map explorer, and cosmic readings.",,1,57,0,REBUILD_PROGRAMMATIC_IF_UNIQUE,"Programmatic family; retain only with unique intent, deterministic factual data, useful copy, and non-duplicative internal links."
/astrology/leo/aries,/astrology,200,404,https://cosmicspiritguide.com/astrology/leo/aries,https://csg-next.onrender.com/astrology/leo/aries,Leo Sun Aries Moon Meaning | Free Birth Chart Guide,"Learn what Leo Sun with Aries Moon means for personality, emotions, love, purpose, and your next step. Get a free birth chart reading.",https://cosmicspiritguide.com/astrology/leo/aries,2,241,2,404: This page could not be found.,"Interactive birth charts, celestial map explorer, and cosmic readings.",,1,57,0,REBUILD_PROGRAMMATIC_IF_UNIQUE,"Programmatic family; retain only with unique intent, deterministic factual data, useful copy, and non-duplicative internal links."
/astrology/leo/cancer,/astrology,200,404,https://cosmicspiritguide.com/astrology/leo/cancer,https://csg-next.onrender.com/astrology/leo/cancer,Leo Sun Cancer Moon Meaning | Free Birth Chart Guide,"Learn what Leo Sun with Cancer Moon means for personality, emotions, love, purpose, and your next step. Get a free birth chart reading.",https://cosmicspiritguide.com/astrology/leo/cancer,2,245,2,404: This page could not be found.,"Interactive birth charts, celestial map explorer, and cosmic readings.",,1,57,0,REBUILD_PROGRAMMATIC_IF_UNIQUE,"Programmatic family; retain only with unique intent, deterministic factual data, useful copy, and non-duplicative internal links."
/astrology/leo/capricorn,/astrology,200,404,https://cosmicspiritguide.com/astrology/leo/capricorn,https://csg-next.onrender.com/astrology/leo/capricorn,Leo Sun Capricorn Moon Meaning | Free Birth Chart Guide,"Learn what Leo Sun with Capricorn Moon means for personality, emotions, love, purpose, and your next step. Get a free birth chart reading.",https://cosmicspiritguide.com/astrology/leo/capricorn,2,249,2,404: This page could not be found.,"Interactive birth charts, celestial map explorer, and cosmic readings.",,1,57,0,REBUILD_PROGRAMMATIC_IF_UNIQUE,"Programmatic family; retain only with unique intent, deterministic factual data, useful copy, and non-duplicative internal links."
/astrology/leo/gemini,/astrology,200,404,https://cosmicspiritguide.com/astrology/leo/gemini,https://csg-next.onrender.com/astrology/leo/gemini,Leo Sun Gemini Moon Meaning | Free Birth Chart Guide,"Learn what Leo Sun with Gemini Moon means for personality, emotions, love, purpose, and your next step. Get a free birth chart reading.",https://cosmicspiritguide.com/astrology/leo/gemini,2,249,2,404: This page could not be found.,"Interactive birth charts, celestial map explorer, and cosmic readings.",,1,57,0,REBUILD_PROGRAMMATIC_IF_UNIQUE,"Programmatic family; retain only with unique intent, deterministic factual data, useful copy, and non-duplicative internal links."
/astrology/leo/leo,/astrology,200,404,https://cosmicspiritguide.com/astrology/leo/leo,https://csg-next.onrender.com/astrology/leo/leo,Leo Sun Leo Moon Meaning | Free Birth Chart Guide,"Learn what Leo Sun with Leo Moon means for personality, emotions, love, purpose, and your next step. Get a free birth chart reading.",https://cosmicspiritguide.com/astrology/leo/leo,2,244,2,404: This page could not be found.,"Interactive birth charts, celestial map explorer, and cosmic readings.",,1,57,0,REBUILD_PROGRAMMATIC_IF_UNIQUE,"Programmatic family; retain only with unique intent, deterministic factual data, useful copy, and non-duplicative internal links."
/astrology/leo/libra,/astrology,200,404,https://cosmicspiritguide.com/astrology/leo/libra,https://csg-next.onrender.com/astrology/leo/libra,Leo Sun Libra Moon Meaning | Free Birth Chart Guide,"Learn what Leo Sun with Libra Moon means for personality, emotions, love, purpose, and your next step. Get a free birth chart reading.",https://cosmicspiritguide.com/astrology/leo/libra,2,250,2,404: This page could not be found.,"Interactive birth charts, celestial map explorer, and cosmic readings.",,1,57,0,REBUILD_PROGRAMMATIC_IF_UNIQUE,"Programmatic family; retain only with unique intent, deterministic factual data, useful copy, and non-duplicative internal links."
/astrology/leo/pisces,/astrology,200,404,https://cosmicspiritguide.com/astrology/leo/pisces,https://csg-next.onrender.com/astrology/leo/pisces,Leo Sun Pisces Moon Meaning | Free Birth Chart Guide,"Learn what Leo Sun with Pisces Moon means for personality, emotions, love, purpose, and your next step. Get a free birth chart reading.",https://cosmicspiritguide.com/astrology/leo/pisces,2,248,2,404: This page could not be found.,"Interactive birth charts, celestial map explorer, and cosmic readings.",,1,57,0,REBUILD_PROGRAMMATIC_IF_UNIQUE,"Programmatic family; retain only with unique intent, deterministic factual data, useful copy, and non-duplicative internal links."
/astrology/leo/sagittarius,/astrology,200,404,https://cosmicspiritguide.com/astrology/leo/sagittarius,https://csg-next.onrender.com/astrology/leo/sagittarius,Leo Sun Sagittarius Moon Meaning | Free Birth Chart Guide,"Learn what Leo Sun with Sagittarius Moon means for personality, emotions, love, purpose, and your next step. Get a free birth chart reading.",https://cosmicspiritguide.com/astrology/leo/sagittarius,2,242,2,404: This page could not be found.,"Interactive birth charts, celestial map explorer, and cosmic readings.",,1,57,0,REBUILD_PROGRAMMATIC_IF_UNIQUE,"Programmatic family; retain only with unique intent, deterministic factual data, useful copy, and non-duplicative internal links."
/astrology/leo/scorpio,/astrology,200,404,https://cosmicspiritguide.com/astrology/leo/scorpio,https://csg-next.onrender.com/astrology/leo/scorpio,Leo Sun Scorpio Moon Meaning | Free Birth Chart Guide,"Learn what Leo Sun with Scorpio Moon means for personality, emotions, love, purpose, and your next step. Get a free birth chart reading.",https://cosmicspiritguide.com/astrology/leo/scorpio,2,240,2,404: This page could not be found.,"Interactive birth charts, celestial map explorer, and cosmic readings.",,1,57,0,REBUILD_PROGRAMMATIC_IF_UNIQUE,"Programmatic family; retain only with unique intent, deterministic factual data, useful copy, and non-duplicative internal links."
/astrology/leo/taurus,/astrology,200,404,https://cosmicspiritguide.com/astrology/leo/taurus,https://csg-next.onrender.com/astrology/leo/taurus,Leo Sun Taurus Moon Meaning | Free Birth Chart Guide,"Learn what Leo Sun with Taurus Moon means for personality, emotions, love, purpose, and your next step. Get a free birth chart reading.",https://cosmicspiritguide.com/astrology/leo/taurus,2,242,2,404: This page could not be found.,"Interactive birth charts, celestial map explorer, and cosmic readings.",,1,57,0,REBUILD_PROGRAMMATIC_IF_UNIQUE,"Programmatic family; retain only with unique intent, deterministic factual data, useful copy, and non-duplicative internal links."
/astrology/leo/virgo,/astrology,200,404,https://cosmicspiritguide.com/astrology/leo/virgo,https://csg-next.onrender.com/astrology/leo/virgo,Leo Sun Virgo Moon Meaning | Free Birth Chart Guide,"Learn what Leo Sun with Virgo Moon means for personality, emotions, love, purpose, and your next step. Get a free birth chart reading.",https://cosmicspiritguide.com/astrology/leo/virgo,2,247,2,404: This page could not be found.,"Interactive birth charts, celestial map explorer, and cosmic readings.",,1,57,0,REBUILD_PROGRAMMATIC_IF_UNIQUE,"Programmatic family; retain only with unique intent, deterministic factual data, useful copy, and non-duplicative internal links."
/astrology/libra/aquarius,/astrology,200,404,https://cosmicspiritguide.com/astrology/libra/aquarius,https://csg-next.onrender.com/astrology/libra/aquarius,Libra Sun Aquarius Moon Meaning | Free Birth Chart Guide,"Learn what Libra Sun with Aquarius Moon means for personality, emotions, love, purpose, and your next step. Get a free birth chart reading.",https://cosmicspiritguide.com/astrology/libra/aquarius,2,243,2,404: This page could not be found.,"Interactive birth charts, celestial map explorer, and cosmic readings.",,1,57,0,REBUILD_PROGRAMMATIC_IF_UNIQUE,"Programmatic family; retain only with unique intent, deterministic factual data, useful copy, and non-duplicative internal links."
/astrology/libra/aries,/astrology,200,404,https://cosmicspiritguide.com/astrology/libra/aries,https://csg-next.onrender.com/astrology/libra/aries,Libra Sun Aries Moon Meaning | Free Birth Chart Guide,"Learn what Libra Sun with Aries Moon means for personality, emotions, love, purpose, and your next step. Get a free birth chart reading.",https://cosmicspiritguide.com/astrology/libra/aries,2,240,2,404: This page could not be found.,"Interactive birth charts, celestial map explorer, and cosmic readings.",,1,57,0,REBUILD_PROGRAMMATIC_IF_UNIQUE,"Programmatic family; retain only with unique intent, deterministic factual data, useful copy, and non-duplicative internal links."
/astrology/libra/cancer,/astrology,200,404,https://cosmicspiritguide.com/astrology/libra/cancer,https://csg-next.onrender.com/astrology/libra/cancer,Libra Sun Cancer Moon Meaning | Free Birth Chart Guide,"Learn what Libra Sun with Cancer Moon means for personality, emotions, love, purpose, and your next step. Get a free birth chart reading.",https://cosmicspiritguide.com/astrology/libra/cancer,2,239,2,404: This page could not be found.,"Interactive birth charts, celestial map explorer, and cosmic readings.",,1,57,0,REBUILD_PROGRAMMATIC_IF_UNIQUE,"Programmatic family; retain only with unique intent, deterministic factual data, useful copy, and non-duplicative internal links."
/astrology/libra/capricorn,/astrology,200,404,https://cosmicspiritguide.com/astrology/libra/capricorn,https://csg-next.onrender.com/astrology/libra/capricorn,Libra Sun Capricorn Moon Meaning | Free Birth Chart Guide,"Learn what Libra Sun with Capricorn Moon means for personality, emotions, love, purpose, and your next step. Get a free birth chart reading.",https://cosmicspiritguide.com/astrology/libra/capricorn,2,243,2,404: This page could not be found.,"Interactive birth charts, celestial map explorer, and cosmic readings.",,1,57,0,REBUILD_PROGRAMMATIC_IF_UNIQUE,"Programmatic family; retain only with unique intent, deterministic factual data, useful copy, and non-duplicative internal links."
/astrology/libra/gemini,/astrology,200,404,https://cosmicspiritguide.com/astrology/libra/gemini,https://csg-next.onrender.com/astrology/libra/gemini,Libra Sun Gemini Moon Meaning | Free Birth Chart Guide,"Learn what Libra Sun with Gemini Moon means for personality, emotions, love, purpose, and your next step. Get a free birth chart reading.",https://cosmicspiritguide.com/astrology/libra/gemini,2,245,2,404: This page could not be found.,"Interactive birth charts, celestial map explorer, and cosmic readings.",,1,57,0,REBUILD_PROGRAMMATIC_IF_UNIQUE,"Programmatic family; retain only with unique intent, deterministic factual data, useful copy, and non-duplicative internal links."
/astrology/libra/leo,/astrology,200,404,https://cosmicspiritguide.com/astrology/libra/leo,https://csg-next.onrender.com/astrology/libra/leo,Libra Sun Leo Moon Meaning | Free Birth Chart Guide,"Learn what Libra Sun with Leo Moon means for personality, emotions, love, purpose, and your next step. Get a free birth chart reading.",https://cosmicspiritguide.com/astrology/libra/leo,2,250,2,404: This page could not be found.,"Interactive birth charts, celestial map explorer, and cosmic readings.",,1,57,0,REBUILD_PROGRAMMATIC_IF_UNIQUE,"Programmatic family; retain only with unique intent, deterministic factual data, useful copy, and non-duplicative internal links."
/astrology/libra/libra,/astrology,200,404,https://cosmicspiritguide.com/astrology/libra/libra,https://csg-next.onrender.com/astrology/libra/libra,Libra Sun Libra Moon Meaning | Free Birth Chart Guide,"Learn what Libra Sun with Libra Moon means for personality, emotions, love, purpose, and your next step. Get a free birth chart reading.",https://cosmicspiritguide.com/astrology/libra/libra,2,246,2,404: This page could not be found.,"Interactive birth charts, celestial map explorer, and cosmic readings.",,1,57,0,REBUILD_PROGRAMMATIC_IF_UNIQUE,"Programmatic family; retain only with unique intent, deterministic factual data, useful copy, and non-duplicative internal links."
/astrology/libra/pisces,/astrology,200,404,https://cosmicspiritguide.com/astrology/libra/pisces,https://csg-next.onrender.com/astrology/libra/pisces,Libra Sun Pisces Moon Meaning | Free Birth Chart Guide,"Learn what Libra Sun with Pisces Moon means for personality, emotions, love, purpose, and your next step. Get a free birth chart reading.",https://cosmicspiritguide.com/astrology/libra/pisces,2,249,2,404: This page could not be found.,"Interactive birth charts, celestial map explorer, and cosmic readings.",,1,57,0,REBUILD_PROGRAMMATIC_IF_UNIQUE,"Programmatic family; retain only with unique intent, deterministic factual data, useful copy, and non-duplicative internal links."
/astrology/libra/sagittarius,/astrology,200,404,https://cosmicspiritguide.com/astrology/libra/sagittarius,https://csg-next.onrender.com/astrology/libra/sagittarius,Libra Sun Sagittarius Moon Meaning | Free Birth Chart Guide,"Learn what Libra Sun with Sagittarius Moon means for personality, emotions, love, purpose, and your next step. Get a free birth chart reading.",https://cosmicspiritguide.com/astrology/libra/sagittarius,2,248,2,404: This page could not be found.,"Interactive birth charts, celestial map explorer, and cosmic readings.",,1,57,0,REBUILD_PROGRAMMATIC_IF_UNIQUE,"Programmatic family; retain only with unique intent, deterministic factual data, useful copy, and non-duplicative internal links."
/astrology/libra/scorpio,/astrology,200,404,https://cosmicspiritguide.com/astrology/libra/scorpio,https://csg-next.onrender.com/astrology/libra/scorpio,Libra Sun Scorpio Moon Meaning | Free Birth Chart Guide,"Learn what Libra Sun with Scorpio Moon means for personality, emotions, love, purpose, and your next step. Get a free birth chart reading.",https://cosmicspiritguide.com/astrology/libra/scorpio,2,248,2,404: This page could not be found.,"Interactive birth charts, celestial map explorer, and cosmic readings.",,1,57,0,REBUILD_PROGRAMMATIC_IF_UNIQUE,"Programmatic family; retain only with unique intent, deterministic factual data, useful copy, and non-duplicative internal links."
/astrology/libra/taurus,/astrology,200,404,https://cosmicspiritguide.com/astrology/libra/taurus,https://csg-next.onrender.com/astrology/libra/taurus,Libra Sun Taurus Moon Meaning | Free Birth Chart Guide,"Learn what Libra Sun with Taurus Moon means for personality, emotions, love, purpose, and your next step. Get a free birth chart reading.",https://cosmicspiritguide.com/astrology/libra/taurus,2,250,2,404: This page could not be found.,"Interactive birth charts, celestial map explorer, and cosmic readings.",,1,57,0,REBUILD_PROGRAMMATIC_IF_UNIQUE,"Programmatic family; retain only with unique intent, deterministic factual data, useful copy, and non-duplicative internal links."
/astrology/libra/virgo,/astrology,200,404,https://cosmicspiritguide.com/astrology/libra/virgo,https://csg-next.onrender.com/astrology/libra/virgo,Libra Sun Virgo Moon Meaning | Free Birth Chart Guide,"Learn what Libra Sun with Virgo Moon means for personality, emotions, love, purpose, and your next step. Get a free birth chart reading.",https://cosmicspiritguide.com/astrology/libra/virgo,2,248,2,404: This page could not be found.,"Interactive birth charts, celestial map explorer, and cosmic readings.",,1,57,0,REBUILD_PROGRAMMATIC_IF_UNIQUE,"Programmatic family; retain only with unique intent, deterministic factual data, useful copy, and non-duplicative internal links."
/astrology/pisces/aquarius,/astrology,200,404,https://cosmicspiritguide.com/astrology/pisces/aquarius,https://csg-next.onrender.com/astrology/pisces/aquarius,Pisces Sun Aquarius Moon Meaning | Free Birth Chart Guide,"Learn what Pisces Sun with Aquarius Moon means for personality, emotions, love, purpose, and your next step. Get a free birth chart reading.",https://cosmicspiritguide.com/astrology/pisces/aquarius,2,246,2,404: This page could not be found.,"Interactive birth charts, celestial map explorer, and cosmic readings.",,1,57,0,REBUILD_PROGRAMMATIC_IF_UNIQUE,"Programmatic family; retain only with unique intent, deterministic factual data, useful copy, and non-duplicative internal links."
/astrology/pisces/aries,/astrology,200,404,https://cosmicspiritguide.com/astrology/pisces/aries,https://csg-next.onrender.com/astrology/pisces/aries,Pisces Sun Aries Moon Meaning | Free Birth Chart Guide,"Learn what Pisces Sun with Aries Moon means for personality, emotions, love, purpose, and your next step. Get a free birth chart reading.",https://cosmicspiritguide.com/astrology/pisces/aries,2,245,2,404: This page could not be found.,"Interactive birth charts, celestial map explorer, and cosmic readings.",,1,57,0,REBUILD_PROGRAMMATIC_IF_UNIQUE,"Programmatic family; retain only with unique intent, deterministic factual data, useful copy, and non-duplicative internal links."
/astrology/pisces/cancer,/astrology,200,404,https://cosmicspiritguide.com/astrology/pisces/cancer,https://csg-next.onrender.com/astrology/pisces/cancer,Pisces Sun Cancer Moon Meaning | Free Birth Chart Guide,"Learn what Pisces Sun with Cancer Moon means for personality, emotions, love, purpose, and your next step. Get a free birth chart reading.",https://cosmicspiritguide.com/astrology/pisces/cancer,2,239,2,404: This page could not be found.,"Interactive birth charts, celestial map explorer, and cosmic readings.",,1,57,0,REBUILD_PROGRAMMATIC_IF_UNIQUE,"Programmatic family; retain only with unique intent, deterministic factual data, useful copy, and non-duplicative internal links."
/astrology/pisces/capricorn,/astrology,200,404,https://cosmicspiritguide.com/astrology/pisces/capricorn,https://csg-next.onrender.com/astrology/pisces/capricorn,Pisces Sun Capricorn Moon Meaning | Free Birth Chart Guide,"Learn what Pisces Sun with Capricorn Moon means for personality, emotions, love, purpose, and your next step. Get a free birth chart reading.",https://cosmicspiritguide.com/astrology/pisces/capricorn,2,248,2,404: This page could not be found.,"Interactive birth charts, celestial map explorer, and cosmic readings.",,1,57,0,REBUILD_PROGRAMMATIC_IF_UNIQUE,"Programmatic family; retain only with unique intent, deterministic factual data, useful copy, and non-duplicative internal links."
/astrology/pisces/gemini,/astrology,200,404,https://cosmicspiritguide.com/astrology/pisces/gemini,https://csg-next.onrender.com/astrology/pisces/gemini,Pisces Sun Gemini Moon Meaning | Free Birth Chart Guide,"Learn what Pisces Sun with Gemini Moon means for personality, emotions, love, purpose, and your next step. Get a free birth chart reading.",https://cosmicspiritguide.com/astrology/pisces/gemini,2,241,2,404: This page could not be found.,"Interactive birth charts, celestial map explorer, and cosmic readings.",,1,57,0,REBUILD_PROGRAMMATIC_IF_UNIQUE,"Programmatic family; retain only with unique intent, deterministic factual data, useful copy, and non-duplicative internal links."
/astrology/pisces/leo,/astrology,200,404,https://cosmicspiritguide.com/astrology/pisces/leo,https://csg-next.onrender.com/astrology/pisces/leo,Pisces Sun Leo Moon Meaning | Free Birth Chart Guide,"Learn what Pisces Sun with Leo Moon means for personality, emotions, love, purpose, and your next step. Get a free birth chart reading.",https://cosmicspiritguide.com/astrology/pisces/leo,2,248,2,404: This page could not be found.,"Interactive birth charts, celestial map explorer, and cosmic readings.",,1,57,0,REBUILD_PROGRAMMATIC_IF_UNIQUE,"Programmatic family; retain only with unique intent, deterministic factual data, useful copy, and non-duplicative internal links."
/astrology/pisces/libra,/astrology,200,404,https://cosmicspiritguide.com/astrology/pisces/libra,https://csg-next.onrender.com/astrology/pisces/libra,Pisces Sun Libra Moon Meaning | Free Birth Chart Guide,"Learn what Pisces Sun with Libra Moon means for personality, emotions, love, purpose, and your next step. Get a free birth chart reading.",https://cosmicspiritguide.com/astrology/pisces/libra,2,249,2,404: This page could not be found.,"Interactive birth charts, celestial map explorer, and cosmic readings.",,1,57,0,REBUILD_PROGRAMMATIC_IF_UNIQUE,"Programmatic family; retain only with unique intent, deterministic factual data, useful copy, and non-duplicative internal links."
/astrology/pisces/pisces,/astrology,200,404,https://cosmicspiritguide.com/astrology/pisces/pisces,https://csg-next.onrender.com/astrology/pisces/pisces,Pisces Sun Pisces Moon Meaning | Free Birth Chart Guide,"Learn what Pisces Sun with Pisces Moon means for personality, emotions, love, purpose, and your next step. Get a free birth chart reading.",https://cosmicspiritguide.com/astrology/pisces/pisces,2,242,2,404: This page could not be found.,"Interactive birth charts, celestial map explorer, and cosmic readings.",,1,57,0,REBUILD_PROGRAMMATIC_IF_UNIQUE,"Programmatic family; retain only with unique intent, deterministic factual data, useful copy, and non-duplicative internal links."
/astrology/pisces/sagittarius,/astrology,200,404,https://cosmicspiritguide.com/astrology/pisces/sagittarius,https://csg-next.onrender.com/astrology/pisces/sagittarius,Pisces Sun Sagittarius Moon Meaning | Free Birth Chart Guide,"Learn what Pisces Sun with Sagittarius Moon means for personality, emotions, love, purpose, and your next step. Get a free birth chart reading.",https://cosmicspiritguide.com/astrology/pisces/sagittarius,2,239,2,404: This page could not be found.,"Interactive birth charts, celestial map explorer, and cosmic readings.",,1,57,0,REBUILD_PROGRAMMATIC_IF_UNIQUE,"Programmatic family; retain only with unique intent, deterministic factual data, useful copy, and non-duplicative internal links."
/astrology/pisces/scorpio,/astrology,200,404,https://cosmicspiritguide.com/astrology/pisces/scorpio,https://csg-next.onrender.com/astrology/pisces/scorpio,Pisces Sun Scorpio Moon Meaning | Free Birth Chart Guide,"Learn what Pisces Sun with Scorpio Moon means for personality, emotions, love, purpose, and your next step. Get a free birth chart reading.",https://cosmicspiritguide.com/astrology/pisces/scorpio,2,241,2,404: This page could not be found.,"Interactive birth charts, celestial map explorer, and cosmic readings.",,1,57,0,REBUILD_PROGRAMMATIC_IF_UNIQUE,"Programmatic family; retain only with unique intent, deterministic factual data, useful copy, and non-duplicative internal links."
/astrology/pisces/taurus,/astrology,200,404,https://cosmicspiritguide.com/astrology/pisces/taurus,https://csg-next.onrender.com/astrology/pisces/taurus,Pisces Sun Taurus Moon Meaning | Free Birth Chart Guide,"Learn what Pisces Sun with Taurus Moon means for personality, emotions, love, purpose, and your next step. Get a free birth chart reading.",https://cosmicspiritguide.com/astrology/pisces/taurus,2,248,2,404: This page could not be found.,"Interactive birth charts, celestial map explorer, and cosmic readings.",,1,57,0,REBUILD_PROGRAMMATIC_IF_UNIQUE,"Programmatic family; retain only with unique intent, deterministic factual data, useful copy, and non-duplicative internal links."
/astrology/pisces/virgo,/astrology,200,404,https://cosmicspiritguide.com/astrology/pisces/virgo,https://csg-next.onrender.com/astrology/pisces/virgo,Pisces Sun Virgo Moon Meaning | Free Birth Chart Guide,"Learn what Pisces Sun with Virgo Moon means for personality, emotions, love, purpose, and your next step. Get a free birth chart reading.",https://cosmicspiritguide.com/astrology/pisces/virgo,2,239,2,404: This page could not be found.,"Interactive birth charts, celestial map explorer, and cosmic readings.",,1,57,0,REBUILD_PROGRAMMATIC_IF_UNIQUE,"Programmatic family; retain only with unique intent, deterministic factual data, useful copy, and non-duplicative internal links."
/astrology/sagittarius/aquarius,/astrology,200,404,https://cosmicspiritguide.com/astrology/sagittarius/aquarius,https://csg-next.onrender.com/astrology/sagittarius/aquarius,Sagittarius Sun Aquarius Moon Meaning | Free Birth Chart Guide,"Learn what Sagittarius Sun with Aquarius Moon means for personality, emotions, love, purpose, and your next step. Get a free birth chart reading.",https://cosmicspiritguide.com/astrology/sagittarius/aquarius,2,246,2,404: This page could not be found.,"Interactive birth charts, celestial map explorer, and cosmic readings.",,1,57,0,REBUILD_PROGRAMMATIC_IF_UNIQUE,"Programmatic family; retain only with unique intent, deterministic factual data, useful copy, and non-duplicative internal links."
/astrology/sagittarius/aries,/astrology,200,404,https://cosmicspiritguide.com/astrology/sagittarius/aries,https://csg-next.onrender.com/astrology/sagittarius/aries,Sagittarius Sun Aries Moon Meaning | Free Birth Chart Guide,"Learn what Sagittarius Sun with Aries Moon means for personality, emotions, love, purpose, and your next step. Get a free birth chart reading.",https://cosmicspiritguide.com/astrology/sagittarius/aries,2,240,2,404: This page could not be found.,"Interactive birth charts, celestial map explorer, and cosmic readings.",,1,57,0,REBUILD_PROGRAMMATIC_IF_UNIQUE,"Programmatic family; retain only with unique intent, deterministic factual data, useful copy, and non-duplicative internal links."
/astrology/sagittarius/cancer,/astrology,200,404,https://cosmicspiritguide.com/astrology/sagittarius/cancer,https://csg-next.onrender.com/astrology/sagittarius/cancer,Sagittarius Sun Cancer Moon Meaning | Free Birth Chart Guide,"Learn what Sagittarius Sun with Cancer Moon means for personality, emotions, love, purpose, and your next step. Get a free birth chart reading.",https://cosmicspiritguide.com/astrology/sagittarius/cancer,2,244,2,404: This page could not be found.,"Interactive birth charts, celestial map explorer, and cosmic readings.",,1,57,0,REBUILD_PROGRAMMATIC_IF_UNIQUE,"Programmatic family; retain only with unique intent, deterministic factual data, useful copy, and non-duplicative internal links."
/astrology/sagittarius/capricorn,/astrology,200,404,https://cosmicspiritguide.com/astrology/sagittarius/capricorn,https://csg-next.onrender.com/astrology/sagittarius/capricorn,Sagittarius Sun Capricorn Moon Meaning | Free Birth Chart Guide,"Learn what Sagittarius Sun with Capricorn Moon means for personality, emotions, love, purpose, and your next step. Get a free birth chart reading.",https://cosmicspiritguide.com/astrology/sagittarius/capricorn,2,248,2,404: This page could not be found.,"Interactive birth charts, celestial map explorer, and cosmic readings.",,1,57,0,REBUILD_PROGRAMMATIC_IF_UNIQUE,"Programmatic family; retain only with unique intent, deterministic factual data, useful copy, and non-duplicative internal links."
/astrology/sagittarius/gemini,/astrology,200,404,https://cosmicspiritguide.com/astrology/sagittarius/gemini,https://csg-next.onrender.com/astrology/sagittarius/gemini,Sagittarius Sun Gemini Moon Meaning | Free Birth Chart Guide,"Learn what Sagittarius Sun with Gemini Moon means for personality, emotions, love, purpose, and your next step. Get a free birth chart reading.",https://cosmicspiritguide.com/astrology/sagittarius/gemini,2,241,2,404: This page could not be found.,"Interactive birth charts, celestial map explorer, and cosmic readings.",,1,57,0,REBUILD_PROGRAMMATIC_IF_UNIQUE,"Programmatic family; retain only with unique intent, deterministic factual data, useful copy, and non-duplicative internal links."
/astrology/sagittarius/leo,/astrology,200,404,https://cosmicspiritguide.com/astrology/sagittarius/leo,https://csg-next.onrender.com/astrology/sagittarius/leo,Sagittarius Sun Leo Moon Meaning | Free Birth Chart Guide,"Learn what Sagittarius Sun with Leo Moon means for personality, emotions, love, purpose, and your next step. Get a free birth chart reading.",https://cosmicspiritguide.com/astrology/sagittarius/leo,2,243,2,404: This page could not be found.,"Interactive birth charts, celestial map explorer, and cosmic readings.",,1,57,0,REBUILD_PROGRAMMATIC_IF_UNIQUE,"Programmatic family; retain only with unique intent, deterministic factual data, useful copy, and non-duplicative internal links."
/astrology/sagittarius/libra,/astrology,200,404,https://cosmicspiritguide.com/astrology/sagittarius/libra,https://csg-next.onrender.com/astrology/sagittarius/libra,Sagittarius Sun Libra Moon Meaning | Free Birth Chart Guide,"Learn what Sagittarius Sun with Libra Moon means for personality, emotions, love, purpose, and your next step. Get a free birth chart reading.",https://cosmicspiritguide.com/astrology/sagittarius/libra,2,249,2,404: This page could not be found.,"Interactive birth charts, celestial map explorer, and cosmic readings.",,1,57,0,REBUILD_PROGRAMMATIC_IF_UNIQUE,"Programmatic family; retain only with unique intent, deterministic factual data, useful copy, and non-duplicative internal links."
/astrology/sagittarius/pisces,/astrology,200,404,https://cosmicspiritguide.com/astrology/sagittarius/pisces,https://csg-next.onrender.com/astrology/sagittarius/pisces,Sagittarius Sun Pisces Moon Meaning | Free Birth Chart Guide,"Learn what Sagittarius Sun with Pisces Moon means for personality, emotions, love, purpose, and your next step. Get a free birth chart reading.",https://cosmicspiritguide.com/astrology/sagittarius/pisces,2,240,2,404: This page could not be found.,"Interactive birth charts, celestial map explorer, and cosmic readings.",,1,57,0,REBUILD_PROGRAMMATIC_IF_UNIQUE,"Programmatic family; retain only with unique intent, deterministic factual data, useful copy, and non-duplicative internal links."
/astrology/sagittarius/sagittarius,/astrology,200,404,https://cosmicspiritguide.com/astrology/sagittarius/sagittarius,https://csg-next.onrender.com/astrology/sagittarius/sagittarius,Sagittarius Sun Sagittarius Moon Meaning | Free Birth Chart Guide,"Learn what Sagittarius Sun with Sagittarius Moon means for personality, emotions, love, purpose, and your next step. Get a free birth chart reading.",https://cosmicspiritguide.com/astrology/sagittarius/sagittarius,2,241,2,404: This page could not be found.,"Interactive birth charts, celestial map explorer, and cosmic readings.",,1,57,0,REBUILD_PROGRAMMATIC_IF_UNIQUE,"Programmatic family; retain only with unique intent, deterministic factual data, useful copy, and non-duplicative internal links."
/astrology/sagittarius/scorpio,/astrology,200,404,https://cosmicspiritguide.com/astrology/sagittarius/scorpio,https://csg-next.onrender.com/astrology/sagittarius/scorpio,Sagittarius Sun Scorpio Moon Meaning | Free Birth Chart Guide,"Learn what Sagittarius Sun with Scorpio Moon means for personality, emotions, love, purpose, and your next step. Get a free birth chart reading.",https://cosmicspiritguide.com/astrology/sagittarius/scorpio,2,246,2,404: This page could not be found.,"Interactive birth charts, celestial map explorer, and cosmic readings.",,1,57,0,REBUILD_PROGRAMMATIC_IF_UNIQUE,"Programmatic family; retain only with unique intent, deterministic factual data, useful copy, and non-duplicative internal links."
/astrology/sagittarius/taurus,/astrology,200,404,https://cosmicspiritguide.com/astrology/sagittarius/taurus,https://csg-next.onrender.com/astrology/sagittarius/taurus,Sagittarius Sun Taurus Moon Meaning | Free Birth Chart Guide,"Learn what Sagittarius Sun with Taurus Moon means for personality, emotions, love, purpose, and your next step. Get a free birth chart reading.",https://cosmicspiritguide.com/astrology/sagittarius/taurus,2,248,2,404: This page could not be found.,"Interactive birth charts, celestial map explorer, and cosmic readings.",,1,57,0,REBUILD_PROGRAMMATIC_IF_UNIQUE,"Programmatic family; retain only with unique intent, deterministic factual data, useful copy, and non-duplicative internal links."
/astrology/sagittarius/virgo,/astrology,200,404,https://cosmicspiritguide.com/astrology/sagittarius/virgo,https://csg-next.onrender.com/astrology/sagittarius/virgo,Sagittarius Sun Virgo Moon Meaning | Free Birth Chart Guide,"Learn what Sagittarius Sun with Virgo Moon means for personality, emotions, love, purpose, and your next step. Get a free birth chart reading.",https://cosmicspiritguide.com/astrology/sagittarius/virgo,2,239,2,404: This page could not be found.,"Interactive birth charts, celestial map explorer, and cosmic readings.",,1,57,0,REBUILD_PROGRAMMATIC_IF_UNIQUE,"Programmatic family; retain only with unique intent, deterministic factual data, useful copy, and non-duplicative internal links."
/astrology/scorpio/aquarius,/astrology,200,404,https://cosmicspiritguide.com/astrology/scorpio/aquarius,https://csg-next.onrender.com/astrology/scorpio/aquarius,Scorpio Sun Aquarius Moon Meaning | Free Birth Chart Guide,"Learn what Scorpio Sun with Aquarius Moon means for personality, emotions, love, purpose, and your next step. Get a free birth chart reading.",https://cosmicspiritguide.com/astrology/scorpio/aquarius,2,239,2,404: This page could not be found.,"Interactive birth charts, celestial map explorer, and cosmic readings.",,1,57,0,REBUILD_PROGRAMMATIC_IF_UNIQUE,"Programmatic family; retain only with unique intent, deterministic factual data, useful copy, and non-duplicative internal links."
/astrology/scorpio/aries,/astrology,200,404,https://cosmicspiritguide.com/astrology/scorpio/aries,https://csg-next.onrender.com/astrology/scorpio/aries,Scorpio Sun Aries Moon Meaning | Free Birth Chart Guide,"Learn what Scorpio Sun with Aries Moon means for personality, emotions, love, purpose, and your next step. Get a free birth chart reading.",https://cosmicspiritguide.com/astrology/scorpio/aries,2,245,2,404: This page could not be found.,"Interactive birth charts, celestial map explorer, and cosmic readings.",,1,57,0,REBUILD_PROGRAMMATIC_IF_UNIQUE,"Programmatic family; retain only with unique intent, deterministic factual data, useful copy, and non-duplicative internal links."
/astrology/scorpio/cancer,/astrology,200,404,https://cosmicspiritguide.com/astrology/scorpio/cancer,https://csg-next.onrender.com/astrology/scorpio/cancer,Scorpio Sun Cancer Moon Meaning | Free Birth Chart Guide,"Learn what Scorpio Sun with Cancer Moon means for personality, emotions, love, purpose, and your next step. Get a free birth chart reading.",https://cosmicspiritguide.com/astrology/scorpio/cancer,2,239,2,404: This page could not be found.,"Interactive birth charts, celestial map explorer, and cosmic readings.",,1,57,0,REBUILD_PROGRAMMATIC_IF_UNIQUE,"Programmatic family; retain only with unique intent, deterministic factual data, useful copy, and non-duplicative internal links."
/astrology/scorpio/capricorn,/astrology,200,404,https://cosmicspiritguide.com/astrology/scorpio/capricorn,https://csg-next.onrender.com/astrology/scorpio/capricorn,Scorpio Sun Capricorn Moon Meaning | Free Birth Chart Guide,"Learn what Scorpio Sun with Capricorn Moon means for personality, emotions, love, purpose, and your next step. Get a free birth chart reading.",https://cosmicspiritguide.com/astrology/scorpio/capricorn,2,248,2,404: This page could not be found.,"Interactive birth charts, celestial map explorer, and cosmic readings.",,1,57,0,REBUILD_PROGRAMMATIC_IF_UNIQUE,"Programmatic family; retain only with unique intent, deterministic factual data, useful copy, and non-duplicative internal links."
/astrology/scorpio/gemini,/astrology,200,404,https://cosmicspiritguide.com/astrology/scorpio/gemini,https://csg-next.onrender.com/astrology/scorpio/gemini,Scorpio Sun Gemini Moon Meaning | Free Birth Chart Guide,"Learn what Scorpio Sun with Gemini Moon means for personality, emotions, love, purpose, and your next step. Get a free birth chart reading.",https://cosmicspiritguide.com/astrology/scorpio/gemini,2,248,2,404: This page could not be found.,"Interactive birth charts, celestial map explorer, and cosmic readings.",,1,57,0,REBUILD_PROGRAMMATIC_IF_UNIQUE,"Programmatic family; retain only with unique intent, deterministic factual data, useful copy, and non-duplicative internal links."
/astrology/scorpio/leo,/astrology,200,404,https://cosmicspiritguide.com/astrology/scorpio/leo,https://csg-next.onrender.com/astrology/scorpio/leo,Scorpio Sun Leo Moon Meaning | Free Birth Chart Guide,"Learn what Scorpio Sun with Leo Moon means for personality, emotions, love, purpose, and your next step. Get a free birth chart reading.",https://cosmicspiritguide.com/astrology/scorpio/leo,2,241,2,404: This page could not be found.,"Interactive birth charts, celestial map explorer, and cosmic readings.",,1,57,0,REBUILD_PROGRAMMATIC_IF_UNIQUE,"Programmatic family; retain only with unique intent, deterministic factual data, useful copy, and non-duplicative internal links."
/astrology/scorpio/libra,/astrology,200,404,https://cosmicspiritguide.com/astrology/scorpio/libra,https://csg-next.onrender.com/astrology/scorpio/libra,Scorpio Sun Libra Moon Meaning | Free Birth Chart Guide,"Learn what Scorpio Sun with Libra Moon means for personality, emotions, love, purpose, and your next step. Get a free birth chart reading.",https://cosmicspiritguide.com/astrology/scorpio/libra,2,249,2,404: This page could not be found.,"Interactive birth charts, celestial map explorer, and cosmic readings.",,1,57,0,REBUILD_PROGRAMMATIC_IF_UNIQUE,"Programmatic family; retain only with unique intent, deterministic factual data, useful copy, and non-duplicative internal links."
/astrology/scorpio/pisces,/astrology,200,404,https://cosmicspiritguide.com/astrology/scorpio/pisces,https://csg-next.onrender.com/astrology/scorpio/pisces,Scorpio Sun Pisces Moon Meaning | Free Birth Chart Guide,"Learn what Scorpio Sun with Pisces Moon means for personality, emotions, love, purpose, and your next step. Get a free birth chart reading.",https://cosmicspiritguide.com/astrology/scorpio/pisces,2,242,2,404: This page could not be found.,"Interactive birth charts, celestial map explorer, and cosmic readings.",,1,57,0,REBUILD_PROGRAMMATIC_IF_UNIQUE,"Programmatic family; retain only with unique intent, deterministic factual data, useful copy, and non-duplicative internal links."
/astrology/scorpio/sagittarius,/astrology,200,404,https://cosmicspiritguide.com/astrology/scorpio/sagittarius,https://csg-next.onrender.com/astrology/scorpio/sagittarius,Scorpio Sun Sagittarius Moon Meaning | Free Birth Chart Guide,"Learn what Scorpio Sun with Sagittarius Moon means for personality, emotions, love, purpose, and your next step. Get a free birth chart reading.",https://cosmicspiritguide.com/astrology/scorpio/sagittarius,2,246,2,404: This page could not be found.,"Interactive birth charts, celestial map explorer, and cosmic readings.",,1,57,0,REBUILD_PROGRAMMATIC_IF_UNIQUE,"Programmatic family; retain only with unique intent, deterministic factual data, useful copy, and non-duplicative internal links."
/astrology/scorpio/scorpio,/astrology,200,404,https://cosmicspiritguide.com/astrology/scorpio/scorpio,https://csg-next.onrender.com/astrology/scorpio/scorpio,Scorpio Sun Scorpio Moon Meaning | Free Birth Chart Guide,"Learn what Scorpio Sun with Scorpio Moon means for personality, emotions, love, purpose, and your next step. Get a free birth chart reading.",https://cosmicspiritguide.com/astrology/scorpio/scorpio,2,241,2,404: This page could not be found.,"Interactive birth charts, celestial map explorer, and cosmic readings.",,1,57,0,REBUILD_PROGRAMMATIC_IF_UNIQUE,"Programmatic family; retain only with unique intent, deterministic factual data, useful copy, and non-duplicative internal links."
/astrology/scorpio/taurus,/astrology,200,404,https://cosmicspiritguide.com/astrology/scorpio/taurus,https://csg-next.onrender.com/astrology/scorpio/taurus,Scorpio Sun Taurus Moon Meaning | Free Birth Chart Guide,"Learn what Scorpio Sun with Taurus Moon means for personality, emotions, love, purpose, and your next step. Get a free birth chart reading.",https://cosmicspiritguide.com/astrology/scorpio/taurus,2,241,2,404: This page could not be found.,"Interactive birth charts, celestial map explorer, and cosmic readings.",,1,57,0,REBUILD_PROGRAMMATIC_IF_UNIQUE,"Programmatic family; retain only with unique intent, deterministic factual data, useful copy, and non-duplicative internal links."
/astrology/scorpio/virgo,/astrology,200,404,https://cosmicspiritguide.com/astrology/scorpio/virgo,https://csg-next.onrender.com/astrology/scorpio/virgo,Scorpio Sun Virgo Moon Meaning | Free Birth Chart Guide,"Learn what Scorpio Sun with Virgo Moon means for personality, emotions, love, purpose, and your next step. Get a free birth chart reading.",https://cosmicspiritguide.com/astrology/scorpio/virgo,2,246,2,404: This page could not be found.,"Interactive birth charts, celestial map explorer, and cosmic readings.",,1,57,0,REBUILD_PROGRAMMATIC_IF_UNIQUE,"Programmatic family; retain only with unique intent, deterministic factual data, useful copy, and non-duplicative internal links."
/astrology/taurus/aquarius,/astrology,200,404,https://cosmicspiritguide.com/astrology/taurus/aquarius,https://csg-next.onrender.com/astrology/taurus/aquarius,Taurus Sun Aquarius Moon Meaning | Free Birth Chart Guide,"Learn what Taurus Sun with Aquarius Moon means for personality, emotions, love, purpose, and your next step. Get a free birth chart reading.",https://cosmicspiritguide.com/astrology/taurus/aquarius,2,239,2,404: This page could not be found.,"Interactive birth charts, celestial map explorer, and cosmic readings.",,1,57,0,REBUILD_PROGRAMMATIC_IF_UNIQUE,"Programmatic family; retain only with unique intent, deterministic factual data, useful copy, and non-duplicative internal links."
/astrology/taurus/aries,/astrology,200,404,https://cosmicspiritguide.com/astrology/taurus/aries,https://csg-next.onrender.com/astrology/taurus/aries,Taurus Sun Aries Moon Meaning | Free Birth Chart Guide,"Learn what Taurus Sun with Aries Moon means for personality, emotions, love, purpose, and your next step. Get a free birth chart reading.",https://cosmicspiritguide.com/astrology/taurus/aries,2,245,2,404: This page could not be found.,"Interactive birth charts, celestial map explorer, and cosmic readings.",,1,57,0,REBUILD_PROGRAMMATIC_IF_UNIQUE,"Programmatic family; retain only with unique intent, deterministic factual data, useful copy, and non-duplicative internal links."
/astrology/taurus/cancer,/astrology,200,404,https://cosmicspiritguide.com/astrology/taurus/cancer,https://csg-next.onrender.com/astrology/taurus/cancer,Taurus Sun Cancer Moon Meaning | Free Birth Chart Guide,"Learn what Taurus Sun with Cancer Moon means for personality, emotions, love, purpose, and your next step. Get a free birth chart reading.",https://cosmicspiritguide.com/astrology/taurus/cancer,2,244,2,404: This page could not be found.,"Interactive birth charts, celestial map explorer, and cosmic readings.",,1,57,0,REBUILD_PROGRAMMATIC_IF_UNIQUE,"Programmatic family; retain only with unique intent, deterministic factual data, useful copy, and non-duplicative internal links."
/astrology/taurus/capricorn,/astrology,200,404,https://cosmicspiritguide.com/astrology/taurus/capricorn,https://csg-next.onrender.com/astrology/taurus/capricorn,Taurus Sun Capricorn Moon Meaning | Free Birth Chart Guide,"Learn what Taurus Sun with Capricorn Moon means for personality, emotions, love, purpose, and your next step. Get a free birth chart reading.",https://cosmicspiritguide.com/astrology/taurus/capricorn,2,243,2,404: This page could not be found.,"Interactive birth charts, celestial map explorer, and cosmic readings.",,1,57,0,REBUILD_PROGRAMMATIC_IF_UNIQUE,"Programmatic family; retain only with unique intent, deterministic factual data, useful copy, and non-duplicative internal links."
/astrology/taurus/gemini,/astrology,200,404,https://cosmicspiritguide.com/astrology/taurus/gemini,https://csg-next.onrender.com/astrology/taurus/gemini,Taurus Sun Gemini Moon Meaning | Free Birth Chart Guide,"Learn what Taurus Sun with Gemini Moon means for personality, emotions, love, purpose, and your next step. Get a free birth chart reading.",https://cosmicspiritguide.com/astrology/taurus/gemini,2,248,2,404: This page could not be found.,"Interactive birth charts, celestial map explorer, and cosmic readings.",,1,57,0,REBUILD_PROGRAMMATIC_IF_UNIQUE,"Programmatic family; retain only with unique intent, deterministic factual data, useful copy, and non-duplicative internal links."
/astrology/taurus/leo,/astrology,200,404,https://cosmicspiritguide.com/astrology/taurus/leo,https://csg-next.onrender.com/astrology/taurus/leo,Taurus Sun Leo Moon Meaning | Free Birth Chart Guide,"Learn what Taurus Sun with Leo Moon means for personality, emotions, love, purpose, and your next step. Get a free birth chart reading.",https://cosmicspiritguide.com/astrology/taurus/leo,2,241,2,404: This page could not be found.,"Interactive birth charts, celestial map explorer, and cosmic readings.",,1,57,0,REBUILD_PROGRAMMATIC_IF_UNIQUE,"Programmatic family; retain only with unique intent, deterministic factual data, useful copy, and non-duplicative internal links."
/astrology/taurus/libra,/astrology,200,404,https://cosmicspiritguide.com/astrology/taurus/libra,https://csg-next.onrender.com/astrology/taurus/libra,Taurus Sun Libra Moon Meaning | Free Birth Chart Guide,"Learn what Taurus Sun with Libra Moon means for personality, emotions, love, purpose, and your next step. Get a free birth chart reading.",https://cosmicspiritguide.com/astrology/taurus/libra,2,249,2,404: This page could not be found.,"Interactive birth charts, celestial map explorer, and cosmic readings.",,1,57,0,REBUILD_PROGRAMMATIC_IF_UNIQUE,"Programmatic family; retain only with unique intent, deterministic factual data, useful copy, and non-duplicative internal links."
/astrology/taurus/pisces,/astrology,200,404,https://cosmicspiritguide.com/astrology/taurus/pisces,https://csg-next.onrender.com/astrology/taurus/pisces,Taurus Sun Pisces Moon Meaning | Free Birth Chart Guide,"Learn what Taurus Sun with Pisces Moon means for personality, emotions, love, purpose, and your next step. Get a free birth chart reading.",https://cosmicspiritguide.com/astrology/taurus/pisces,2,247,2,404: This page could not be found.,"Interactive birth charts, celestial map explorer, and cosmic readings.",,1,57,0,REBUILD_PROGRAMMATIC_IF_UNIQUE,"Programmatic family; retain only with unique intent, deterministic factual data, useful copy, and non-duplicative internal links."
/astrology/taurus/sagittarius,/astrology,200,404,https://cosmicspiritguide.com/astrology/taurus/sagittarius,https://csg-next.onrender.com/astrology/taurus/sagittarius,Taurus Sun Sagittarius Moon Meaning | Free Birth Chart Guide,"Learn what Taurus Sun with Sagittarius Moon means for personality, emotions, love, purpose, and your next step. Get a free birth chart reading.",https://cosmicspiritguide.com/astrology/taurus/sagittarius,2,246,2,404: This page could not be found.,"Interactive birth charts, celestial map explorer, and cosmic readings.",,1,57,0,REBUILD_PROGRAMMATIC_IF_UNIQUE,"Programmatic family; retain only with unique intent, deterministic factual data, useful copy, and non-duplicative internal links."
/astrology/taurus/scorpio,/astrology,200,404,https://cosmicspiritguide.com/astrology/taurus/scorpio,https://csg-next.onrender.com/astrology/taurus/scorpio,Taurus Sun Scorpio Moon Meaning | Free Birth Chart Guide,"Learn what Taurus Sun with Scorpio Moon means for personality, emotions, love, purpose, and your next step. Get a free birth chart reading.",https://cosmicspiritguide.com/astrology/taurus/scorpio,2,239,2,404: This page could not be found.,"Interactive birth charts, celestial map explorer, and cosmic readings.",,1,57,0,REBUILD_PROGRAMMATIC_IF_UNIQUE,"Programmatic family; retain only with unique intent, deterministic factual data, useful copy, and non-duplicative internal links."
/astrology/taurus/taurus,/astrology,200,404,https://cosmicspiritguide.com/astrology/taurus/taurus,https://csg-next.onrender.com/astrology/taurus/taurus,Taurus Sun Taurus Moon Meaning | Free Birth Chart Guide,"Learn what Taurus Sun with Taurus Moon means for personality, emotions, love, purpose, and your next step. Get a free birth chart reading.",https://cosmicspiritguide.com/astrology/taurus/taurus,2,243,2,404: This page could not be found.,"Interactive birth charts, celestial map explorer, and cosmic readings.",,1,57,0,REBUILD_PROGRAMMATIC_IF_UNIQUE,"Programmatic family; retain only with unique intent, deterministic factual data, useful copy, and non-duplicative internal links."
/astrology/taurus/virgo,/astrology,200,404,https://cosmicspiritguide.com/astrology/taurus/virgo,https://csg-next.onrender.com/astrology/taurus/virgo,Taurus Sun Virgo Moon Meaning | Free Birth Chart Guide,"Learn what Taurus Sun with Virgo Moon means for personality, emotions, love, purpose, and your next step. Get a free birth chart reading.",https://cosmicspiritguide.com/astrology/taurus/virgo,2,241,2,404: This page could not be found.,"Interactive birth charts, celestial map explorer, and cosmic readings.",,1,57,0,REBUILD_PROGRAMMATIC_IF_UNIQUE,"Programmatic family; retain only with unique intent, deterministic factual data, useful copy, and non-duplicative internal links."
/astrology/virgo/aquarius,/astrology,200,404,https://cosmicspiritguide.com/astrology/virgo/aquarius,https://csg-next.onrender.com/astrology/virgo/aquarius,Virgo Sun Aquarius Moon Meaning | Free Birth Chart Guide,"Learn what Virgo Sun with Aquarius Moon means for personality, emotions, love, purpose, and your next step. Get a free birth chart reading.",https://cosmicspiritguide.com/astrology/virgo/aquarius,2,246,2,404: This page could not be found.,"Interactive birth charts, celestial map explorer, and cosmic readings.",,1,57,0,REBUILD_PROGRAMMATIC_IF_UNIQUE,"Programmatic family; retain only with unique intent, deterministic factual data, useful copy, and non-duplicative internal links."
/astrology/virgo/aries,/astrology,200,404,https://cosmicspiritguide.com/astrology/virgo/aries,https://csg-next.onrender.com/astrology/virgo/aries,Virgo Sun Aries Moon Meaning | Free Birth Chart Guide,"Learn what Virgo Sun with Aries Moon means for personality, emotions, love, purpose, and your next step. Get a free birth chart reading.",https://cosmicspiritguide.com/astrology/virgo/aries,2,245,2,404: This page could not be found.,"Interactive birth charts, celestial map explorer, and cosmic readings.",,1,57,0,REBUILD_PROGRAMMATIC_IF_UNIQUE,"Programmatic family; retain only with unique intent, deterministic factual data, useful copy, and non-duplicative internal links."
/astrology/virgo/cancer,/astrology,200,404,https://cosmicspiritguide.com/astrology/virgo/cancer,https://csg-next.onrender.com/astrology/virgo/cancer,Virgo Sun Cancer Moon Meaning | Free Birth Chart Guide,"Learn what Virgo Sun with Cancer Moon means for personality, emotions, love, purpose, and your next step. Get a free birth chart reading.",https://cosmicspiritguide.com/astrology/virgo/cancer,2,244,2,404: This page could not be found.,"Interactive birth charts, celestial map explorer, and cosmic readings.",,1,57,0,REBUILD_PROGRAMMATIC_IF_UNIQUE,"Programmatic family; retain only with unique intent, deterministic factual data, useful copy, and non-duplicative internal links."
/astrology/virgo/capricorn,/astrology,200,404,https://cosmicspiritguide.com/astrology/virgo/capricorn,https://csg-next.onrender.com/astrology/virgo/capricorn,Virgo Sun Capricorn Moon Meaning | Free Birth Chart Guide,"Learn what Virgo Sun with Capricorn Moon means for personality, emotions, love, purpose, and your next step. Get a free birth chart reading.",https://cosmicspiritguide.com/astrology/virgo/capricorn,2,243,2,404: This page could not be found.,"Interactive birth charts, celestial map explorer, and cosmic readings.",,1,57,0,REBUILD_PROGRAMMATIC_IF_UNIQUE,"Programmatic family; retain only with unique intent, deterministic factual data, useful copy, and non-duplicative internal links."
/astrology/virgo/gemini,/astrology,200,404,https://cosmicspiritguide.com/astrology/virgo/gemini,https://csg-next.onrender.com/astrology/virgo/gemini,Virgo Sun Gemini Moon Meaning | Free Birth Chart Guide,"Learn what Virgo Sun with Gemini Moon means for personality, emotions, love, purpose, and your next step. Get a free birth chart reading.",https://cosmicspiritguide.com/astrology/virgo/gemini,2,241,2,404: This page could not be found.,"Interactive birth charts, celestial map explorer, and cosmic readings.",,1,57,0,REBUILD_PROGRAMMATIC_IF_UNIQUE,"Programmatic family; retain only with unique intent, deterministic factual data, useful copy, and non-duplicative internal links."
/astrology/virgo/leo,/astrology,200,404,https://cosmicspiritguide.com/astrology/virgo/leo,https://csg-next.onrender.com/astrology/virgo/leo,Virgo Sun Leo Moon Meaning | Free Birth Chart Guide,"Learn what Virgo Sun with Leo Moon means for personality, emotions, love, purpose, and your next step. Get a free birth chart reading.",https://cosmicspiritguide.com/astrology/virgo/leo,2,248,2,404: This page could not be found.,"Interactive birth charts, celestial map explorer, and cosmic readings.",,1,57,0,REBUILD_PROGRAMMATIC_IF_UNIQUE,"Programmatic family; retain only with unique intent, deterministic factual data, useful copy, and non-duplicative internal links."
/astrology/virgo/libra,/astrology,200,404,https://cosmicspiritguide.com/astrology/virgo/libra,https://csg-next.onrender.com/astrology/virgo/libra,Virgo Sun Libra Moon Meaning | Free Birth Chart Guide,"Learn what Virgo Sun with Libra Moon means for personality, emotions, love, purpose, and your next step. Get a free birth chart reading.",https://cosmicspiritguide.com/astrology/virgo/libra,2,249,2,404: This page could not be found.,"Interactive birth charts, celestial map explorer, and cosmic readings.",,1,57,0,REBUILD_PROGRAMMATIC_IF_UNIQUE,"Programmatic family; retain only with unique intent, deterministic factual data, useful copy, and non-duplicative internal links."
/astrology/virgo/pisces,/astrology,200,404,https://cosmicspiritguide.com/astrology/virgo/pisces,https://csg-next.onrender.com/astrology/virgo/pisces,Virgo Sun Pisces Moon Meaning | Free Birth Chart Guide,"Learn what Virgo Sun with Pisces Moon means for personality, emotions, love, purpose, and your next step. Get a free birth chart reading.",https://cosmicspiritguide.com/astrology/virgo/pisces,2,240,2,404: This page could not be found.,"Interactive birth charts, celestial map explorer, and cosmic readings.",,1,57,0,REBUILD_PROGRAMMATIC_IF_UNIQUE,"Programmatic family; retain only with unique intent, deterministic factual data, useful copy, and non-duplicative internal links."
/astrology/virgo/sagittarius,/astrology,200,404,https://cosmicspiritguide.com/astrology/virgo/sagittarius,https://csg-next.onrender.com/astrology/virgo/sagittarius,Virgo Sun Sagittarius Moon Meaning | Free Birth Chart Guide,"Learn what Virgo Sun with Sagittarius Moon means for personality, emotions, love, purpose, and your next step. Get a free birth chart reading.",https://cosmicspiritguide.com/astrology/virgo/sagittarius,2,239,2,404: This page could not be found.,"Interactive birth charts, celestial map explorer, and cosmic readings.",,1,57,0,REBUILD_PROGRAMMATIC_IF_UNIQUE,"Programmatic family; retain only with unique intent, deterministic factual data, useful copy, and non-duplicative internal links."
/astrology/virgo/scorpio,/astrology,200,404,https://cosmicspiritguide.com/astrology/virgo/scorpio,https://csg-next.onrender.com/astrology/virgo/scorpio,Virgo Sun Scorpio Moon Meaning | Free Birth Chart Guide,"Learn what Virgo Sun with Scorpio Moon means for personality, emotions, love, purpose, and your next step. Get a free birth chart reading.",https://cosmicspiritguide.com/astrology/virgo/scorpio,2,246,2,404: This page could not be found.,"Interactive birth charts, celestial map explorer, and cosmic readings.",,1,57,0,REBUILD_PROGRAMMATIC_IF_UNIQUE,"Programmatic family; retain only with unique intent, deterministic factual data, useful copy, and non-duplicative internal links."
/astrology/virgo/taurus,/astrology,200,404,https://cosmicspiritguide.com/astrology/virgo/taurus,https://csg-next.onrender.com/astrology/virgo/taurus,Virgo Sun Taurus Moon Meaning | Free Birth Chart Guide,"Learn what Virgo Sun with Taurus Moon means for personality, emotions, love, purpose, and your next step. Get a free birth chart reading.",https://cosmicspiritguide.com/astrology/virgo/taurus,2,243,2,404: This page could not be found.,"Interactive birth charts, celestial map explorer, and cosmic readings.",,1,57,0,REBUILD_PROGRAMMATIC_IF_UNIQUE,"Programmatic family; retain only with unique intent, deterministic factual data, useful copy, and non-duplicative internal links."
/astrology/virgo/virgo,/astrology,200,404,https://cosmicspiritguide.com/astrology/virgo/virgo,https://csg-next.onrender.com/astrology/virgo/virgo,Virgo Sun Virgo Moon Meaning | Free Birth Chart Guide,"Learn what Virgo Sun with Virgo Moon means for personality, emotions, love, purpose, and your next step. Get a free birth chart reading.",https://cosmicspiritguide.com/astrology/virgo/virgo,2,241,2,404: This page could not be found.,"Interactive birth charts, celestial map explorer, and cosmic readings.",,1,57,0,REBUILD_PROGRAMMATIC_IF_UNIQUE,"Programmatic family; retain only with unique intent, deterministic factual data, useful copy, and non-duplicative internal links."
/birth-chart,/birth-chart,200,200,https://cosmicspiritguide.com/birth-chart,https://csg-next.onrender.com/birth-chart,Free Birth Chart Calculator: Natal Chart & Astrology Report | Cosmic Spirit Guide,"Generate your free birth chart instantly. Get your natal chart with Sun, Moon, Rising signs, planets & houses. Full astrological profile & personality analysis.",https://cosmicspiritguide.com/birth-chart,1,42,2,COSMIC SPIRIT GUIDE | Cosmic Astrology & Celestial Guidance,"Interactive birth charts, celestial map explorer, and cosmic readings.",,0,117,0,KEEP_SYNCED_OR_REVIEW_DUPLICATE,Route already resolves on new build; compare content and metadata before deciding canonical version.
/blog,/blog,200,200,https://cosmicspiritguide.com/blog,https://csg-next.onrender.com/blog,Spiritual Blog | Cosmic Spirit Guide,"Discover insights into astrology, tarot, spirituality, and cosmic guidance through our expert articles",https://cosmicspiritguide.com,2,635,2,"Cosmic Spirit Guide Blog | Astrology, Rituals & Manifestation","Guides on astrology, birth charts, lunar rituals, and cosmic manifestation from the Cosmic Spirit Guide editorial team.",https://cosmicspiritguide.com/blog,1,331,2,KEEP_SYNCED_OR_REVIEW_DUPLICATE,Route already resolves on new build; compare content and metadata before deciding canonical version.
/blog/ai-tarot-reading-free-personalized-astrology-insights,/blog,200,404,https://cosmicspiritguide.com/blog/ai-tarot-reading-free-personalized-astrology-insights,https://csg-next.onrender.com/blog/ai-tarot-reading-free-personalized-astrology-insights,"AI Tarot Reading: Free, Personalized Astrology Insights | Cosmic Spirit Guide","Discover how artificial intelligence and astrology come together to create free, personalized tarot readings. Learn how AI tarot works, its benefits, limitations, and how to start your first reading today.",https://cosmicspiritguide.com,2,1576,2,COSMIC SPIRIT GUIDE | Cosmic Astrology & Celestial Guidance,"Interactive birth charts, celestial map explorer, and cosmic readings.",,0,7,0,EDITORIAL_REVIEW,"Editorial page; verify accuracy, originality, search intent, engagement/backlinks if available, and refresh or redirect rather than blind copy."
/blog/august-astrology-calendar-navigating-retrogrades-eclipses-and-lunar-cycles-with-intention-2026-08-17,/blog,200,200,https://cosmicspiritguide.com/blog/august-astrology-calendar-navigating-retrogrades-eclipses-and-lunar-cycles-with-intention-2026-08-17,https://csg-next.onrender.com/blog/august-astrology-calendar-navigating-retrogrades-eclipses-and-lunar-cycles-with-intention-2026-08-17,"August Astrology Calendar: Navigating Retrogrades, Eclipses, and Lunar Cycles with Intention | Cosmic Spirit Guide","When August opens its doors, you may already feel the subtle static of planets moving in reverse. Mercury, the swift messenger, often stations retrograde during",https://cosmicspiritguide.com,2,1897,2,"August Astrology Calendar: Navigating Retrogrades, Eclipses, and Lunar Cycles with Intention",,,1,2260,6,KEEP_SYNCED_OR_REVIEW_DUPLICATE,Route already resolves on new build; compare content and metadata before deciding canonical version.
/blog/building-trust-in-digital-spirituality-a-non-judgmental-supportive-approach,/blog,404,404,https://cosmicspiritguide.com/blog/building-trust-in-digital-spirituality-a-non-judgmental-supportive-approach,https://csg-next.onrender.com/blog/building-trust-in-digital-spirituality-a-non-judgmental-supportive-approach,"Tarot & Astrology Blog | Birth Charts, Zodiac & Spiritual Guides | Cosmic Spirit Guide","Read our astrology blog for tarot guides, birth chart tutorials, zodiac compatibility tips & spiritual insights. Learn to read your cosmic energy.",https://cosmicspiritguide.com,0,11,1,COSMIC SPIRIT GUIDE | Cosmic Astrology & Celestial Guidance,"Interactive birth charts, celestial map explorer, and cosmic readings.",,0,7,0,RETIRE_OR_INVESTIGATE,Legacy route is not healthy; do not migrate without evidence of demand or links.
/blog/composite-chart-relationship-soul,/blog,200,404,https://cosmicspiritguide.com/blog/composite-chart-relationship-soul,https://csg-next.onrender.com/blog/composite-chart-relationship-soul,Composite Chart Calculator: Your Relationship Soul | Cosmic Spirit Guide,Advanced relationship tool,https://cosmicspiritguide.com,3,377,2,COSMIC SPIRIT GUIDE | Cosmic Astrology & Celestial Guidance,"Interactive birth charts, celestial map explorer, and cosmic readings.",,0,7,0,EDITORIAL_REVIEW,"Editorial page; verify accuracy, originality, search intent, engagement/backlinks if available, and refresh or redirect rather than blind copy."
/blog/find-calm-in-uncertainty-simple-daily-tarot-guidance-for-peaceful-clarity,/blog,200,404,https://cosmicspiritguide.com/blog/find-calm-in-uncertainty-simple-daily-tarot-guidance-for-peaceful-clarity,https://csg-next.onrender.com/blog/find-calm-in-uncertainty-simple-daily-tarot-guidance-for-peaceful-clarity,Find Calm in Uncertainty: Simple Daily Tarot Guidance for Peaceful Clarity | Cosmic Spirit Guide,"Feeling overwhelmed or uncertain? Discover how simple daily tarot guidance can help you find calm, gain clarity, and reflect with peace—without predictions or pressure.",https://cosmicspiritguide.com,2,611,2,COSMIC SPIRIT GUIDE | Cosmic Astrology & Celestial Guidance,"Interactive birth charts, celestial map explorer, and cosmic readings.",,0,7,0,EDITORIAL_REVIEW,"Editorial page; verify accuracy, originality, search intent, engagement/backlinks if available, and refresh or redirect rather than blind copy."
/blog/finding-calm-in-the-stars-and-cards-a-guide-to-reducing-anxiety-through-tarot-and-astrology,/blog,200,404,https://cosmicspiritguide.com/blog/finding-calm-in-the-stars-and-cards-a-guide-to-reducing-anxiety-through-tarot-and-astrology,https://csg-next.onrender.com/blog/finding-calm-in-the-stars-and-cards-a-guide-to-reducing-anxiety-through-tarot-and-astrology,Finding Calm in the Stars and Cards: A Guide to Reducing Anxiety through Tarot and Astrology | Cosmic Spirit Guide,"Use tarot and astrology to manage anxiety. A guide to understanding tarot card reading, your deck, and divination to find calm in the stars.",https://cosmicspiritguide.com,2,929,2,COSMIC SPIRIT GUIDE | Cosmic Astrology & Celestial Guidance,"Interactive birth charts, celestial map explorer, and cosmic readings.",,0,7,0,EDITORIAL_REVIEW,"Editorial page; verify accuracy, originality, search intent, engagement/backlinks if available, and refresh or redirect rather than blind copy."
/blog/free-moon-sign-calculator-discover-your-emotional-core-1,/blog,200,404,https://cosmicspiritguide.com/blog/free-moon-sign-calculator-discover-your-emotional-core-1,https://csg-next.onrender.com/blog/free-moon-sign-calculator-discover-your-emotional-core-1,Free Moon Sign Calculator: Discover Your Emotional Core | Cosmic Spirit Guide,"Calculate your moon sign free. Discover what the moon reveals about your emotions, instincts & inner world with detailed sign meanings.",https://cosmicspiritguide.com,3,573,2,COSMIC SPIRIT GUIDE | Cosmic Astrology & Celestial Guidance,"Interactive birth charts, celestial map explorer, and cosmic readings.",,0,7,0,EDITORIAL_REVIEW,"Editorial page; verify accuracy, originality, search intent, engagement/backlinks if available, and refresh or redirect rather than blind copy."
/blog/free-moon-sign-calculator-discover-your-emotional-core-2,/blog,200,404,https://cosmicspiritguide.com/blog/free-moon-sign-calculator-discover-your-emotional-core-2,https://csg-next.onrender.com/blog/free-moon-sign-calculator-discover-your-emotional-core-2,Free Moon Sign Calculator: Discover Your Emotional Core | Cosmic Spirit Guide,"Calculate your moon sign free. Discover what the moon reveals about your emotions, instincts & inner world with detailed sign meanings.",https://cosmicspiritguide.com,3,573,2,COSMIC SPIRIT GUIDE | Cosmic Astrology & Celestial Guidance,"Interactive birth charts, celestial map explorer, and cosmic readings.",,0,7,0,EDITORIAL_REVIEW,"Editorial page; verify accuracy, originality, search intent, engagement/backlinks if available, and refresh or redirect rather than blind copy."
/blog/free-zodiac-compatibility-calculator-find-your-cosmic-match-1,/blog,200,404,https://cosmicspiritguide.com/blog/free-zodiac-compatibility-calculator-find-your-cosmic-match-1,https://csg-next.onrender.com/blog/free-zodiac-compatibility-calculator-find-your-cosmic-match-1,Free Zodiac Compatibility Calculator: Find Your Cosmic Match | Cosmic Spirit Guide,"Discover your cosmic compatibility with our free zodiac calculator. Compare sun, moon & rising signs for love, friendship & career relationships.",https://cosmicspiritguide.com,3,1219,2,COSMIC SPIRIT GUIDE | Cosmic Astrology & Celestial Guidance,"Interactive birth charts, celestial map explorer, and cosmic readings.",,0,7,0,EDITORIAL_REVIEW,"Editorial page; verify accuracy, originality, search intent, engagement/backlinks if available, and refresh or redirect rather than blind copy."
/blog/free-zodiac-compatibility-calculator-find-your-cosmic-match-11,/blog,200,404,https://cosmicspiritguide.com/blog/free-zodiac-compatibility-calculator-find-your-cosmic-match-11,https://csg-next.onrender.com/blog/free-zodiac-compatibility-calculator-find-your-cosmic-match-11,Free Zodiac Compatibility Calculator: Find Your Cosmic Match | Cosmic Spirit Guide,"Discover your cosmic compatibility with our free zodiac calculator. Compare sun, moon & rising signs for love, friendship & career relationships.",https://cosmicspiritguide.com,3,1219,2,COSMIC SPIRIT GUIDE | Cosmic Astrology & Celestial Guidance,"Interactive birth charts, celestial map explorer, and cosmic readings.",,0,7,0,EDITORIAL_REVIEW,"Editorial page; verify accuracy, originality, search intent, engagement/backlinks if available, and refresh or redirect rather than blind copy."
/blog/harnessing-lunar-magic-let-the-moon-s-energy-guide-your-emotions-and-actions,/blog,200,404,https://cosmicspiritguide.com/blog/harnessing-lunar-magic-let-the-moon-s-energy-guide-your-emotions-and-actions,https://csg-next.onrender.com/blog/harnessing-lunar-magic-let-the-moon-s-energy-guide-your-emotions-and-actions,Harnessing Lunar Magic: Let the Moon's Energy Guide Your Emotions and Actions | Cosmic Spirit Guide,"Harness lunar phases to enhance emotional balance, decision-making, and spiritual growth. Cosmic Spiritual Guide’s personalized moon readings offer tailored insights aligned with your unique lunar cycle.",https://cosmicspiritguide.com,2,614,2,COSMIC SPIRIT GUIDE | Cosmic Astrology & Celestial Guidance,"Interactive birth charts, celestial map explorer, and cosmic readings.",,0,7,0,EDITORIAL_REVIEW,"Editorial page; verify accuracy, originality, search intent, engagement/backlinks if available, and refresh or redirect rather than blind copy."
/blog/harnessing-the-power-of-daily-personalized-guidance-for-personal-and-professional-growth,/blog,200,200,https://cosmicspiritguide.com/blog/harnessing-the-power-of-daily-personalized-guidance-for-personal-and-professional-growth,https://csg-next.onrender.com/blog/harnessing-the-power-of-daily-personalized-guidance-for-personal-and-professional-growth,Harnessing the Power of Daily Personalized Guidance for Personal and Professional Growth | Cosmic Spirit Guide,"Daily personalized guidance through tarot, astrology, and spiritual practices fosters clarity, confidence, and growth in personal and professional life, enhanced by AI for tailored insights.",https://cosmicspiritguide.com,2,613,2,Harnessing the Power of Daily Personalized Guidance for Personal and Professional Growth,"Discover how daily personalized guidance can support clarity, growth, and better decision-making in both your personal life and professional journey.",https://cosmicspiritguide.com/blog/harnessing-the-power-of-daily-personalized-guidance-for-personal-and-professional-growth,1,545,4,KEEP_SYNCED_OR_REVIEW_DUPLICATE,Route already resolves on new build; compare content and metadata before deciding canonical version.
/blog/how-technology-is-democratizing-spiritual-guidance-for-everyone,/blog,200,404,https://cosmicspiritguide.com/blog/how-technology-is-democratizing-spiritual-guidance-for-everyone,https://csg-next.onrender.com/blog/how-technology-is-democratizing-spiritual-guidance-for-everyone,How Technology is Democratizing Spiritual Guidance for Everyone | Cosmic Spirit Guide,"Technology democratizes spiritual guidance by offering AI tarot and accessible astrology for personalized, ethical, and supportive insights, empowering daily clarity in love, career, and growth.",https://cosmicspiritguide.com,2,605,2,COSMIC SPIRIT GUIDE | Cosmic Astrology & Celestial Guidance,"Interactive birth charts, celestial map explorer, and cosmic readings.",,0,7,0,EDITORIAL_REVIEW,"Editorial page; verify accuracy, originality, search intent, engagement/backlinks if available, and refresh or redirect rather than blind copy."
/blog/how-to-read-your-birth-chart-a-beginner-s-visual-guide-1,/blog,200,404,https://cosmicspiritguide.com/blog/how-to-read-your-birth-chart-a-beginner-s-visual-guide-1,https://csg-next.onrender.com/blog/how-to-read-your-birth-chart-a-beginner-s-visual-guide-1,How to Read Your Birth Chart: A Beginner's Visual Guide | Cosmic Spirit Guide,"Learn how to read your birth chart step-by-step. Understand planets, houses & aspects with our visual beginner's guide to astrology.",https://cosmicspiritguide.com,3,636,2,COSMIC SPIRIT GUIDE | Cosmic Astrology & Celestial Guidance,"Interactive birth charts, celestial map explorer, and cosmic readings.",,0,7,0,EDITORIAL_REVIEW,"Editorial page; verify accuracy, originality, search intent, engagement/backlinks if available, and refresh or redirect rather than blind copy."
/blog/how-to-read-your-birth-chart-a-beginner-s-visual-guide-2,/blog,200,404,https://cosmicspiritguide.com/blog/how-to-read-your-birth-chart-a-beginner-s-visual-guide-2,https://csg-next.onrender.com/blog/how-to-read-your-birth-chart-a-beginner-s-visual-guide-2,How to Read Your Birth Chart: A Beginner's Visual Guide | Cosmic Spirit Guide,"Learn how to read your birth chart step-by-step. Understand planets, houses & aspects with our visual beginner's guide to astrology.",https://cosmicspiritguide.com,3,636,2,COSMIC SPIRIT GUIDE | Cosmic Astrology & Celestial Guidance,"Interactive birth charts, celestial map explorer, and cosmic readings.",,0,7,0,EDITORIAL_REVIEW,"Editorial page; verify accuracy, originality, search intent, engagement/backlinks if available, and refresh or redirect rather than blind copy."
/blog/lions-gate-portal-on-8-8-a-balanced-guide-to-meaning-rituals-and-manifestation,/blog,200,200,https://cosmicspiritguide.com/blog/lions-gate-portal-on-8-8-a-balanced-guide-to-meaning-rituals-and-manifestation,https://csg-next.onrender.com/blog/lions-gate-portal-on-8-8-a-balanced-guide-to-meaning-rituals-and-manifestation,"Lions Gate Portal on 8/8: A Balanced Guide to Meaning, Rituals, and Manifestation | Cosmic Spirit Guide","Discover the Lions Gate Portal on 8/8, its spiritual meaning, rituals, and how to manifest during this powerful energetic gateway.",https://cosmicspiritguide.com,2,3032,2,"Lions Gate Portal 8/8: Meaning, Rituals & Guide","The Lions Gate Portal on 8/8 is a powerful cosmic gateway. Learn its meaning, the Sirius–Leo alignment, rituals, and how to manifest during this energetic peak.",https://cosmicspiritguide.com/blog/lions-gate-portal-on-8-8-a-balanced-guide-to-meaning-rituals-and-manifestation,1,3367,4,KEEP_SYNCED_OR_REVIEW_DUPLICATE,Route already resolves on new build; compare content and metadata before deciding canonical version.
/blog/love-compatibility-by-birth-date-the-complete-guide-1,/blog,200,404,https://cosmicspiritguide.com/blog/love-compatibility-by-birth-date-the-complete-guide-1,https://csg-next.onrender.com/blog/love-compatibility-by-birth-date-the-complete-guide-1,Love Compatibility by Birth Date: The Complete Guide | Cosmic Spirit Guide,"Learn how birth dates reveal love compatibility. Calculate your cosmic connection using numerology, astrology & birth chart analysis.",https://cosmicspiritguide.com,3,573,2,COSMIC SPIRIT GUIDE | Cosmic Astrology & Celestial Guidance,"Interactive birth charts, celestial map explorer, and cosmic readings.",,0,7,0,EDITORIAL_REVIEW,"Editorial page; verify accuracy, originality, search intent, engagement/backlinks if available, and refresh or redirect rather than blind copy."
/blog/love-compatibility-by-birth-date-the-complete-guide-5,/blog,200,404,https://cosmicspiritguide.com/blog/love-compatibility-by-birth-date-the-complete-guide-5,https://csg-next.onrender.com/blog/love-compatibility-by-birth-date-the-complete-guide-5,Love Compatibility by Birth Date: The Complete Guide | Cosmic Spirit Guide,"Learn how birth dates reveal love compatibility. Calculate your cosmic connection using numerology, astrology & birth chart analysis.",https://cosmicspiritguide.com,3,573,2,COSMIC SPIRIT GUIDE | Cosmic Astrology & Celestial Guidance,"Interactive birth charts, celestial map explorer, and cosmic readings.",,0,7,0,EDITORIAL_REVIEW,"Editorial page; verify accuracy, originality, search intent, engagement/backlinks if available, and refresh or redirect rather than blind copy."
/blog/mercury-retrograde-meaning-complete-survival-guide-1,/blog,200,404,https://cosmicspiritguide.com/blog/mercury-retrograde-meaning-complete-survival-guide-1,https://csg-next.onrender.com/blog/mercury-retrograde-meaning-complete-survival-guide-1,Mercury Retrograde Meaning: Complete Survival Guide | Cosmic Spirit Guide,"Discover what mercury retrograde actually means. Get the survival guide with do's, don'ts & how to thrive during retrograde periods.",https://cosmicspiritguide.com,3,557,2,COSMIC SPIRIT GUIDE | Cosmic Astrology & Celestial Guidance,"Interactive birth charts, celestial map explorer, and cosmic readings.",,0,7,0,EDITORIAL_REVIEW,"Editorial page; verify accuracy, originality, search intent, engagement/backlinks if available, and refresh or redirect rather than blind copy."
/blog/mercury-retrograde-meaning-complete-survival-guide-2,/blog,200,404,https://cosmicspiritguide.com/blog/mercury-retrograde-meaning-complete-survival-guide-2,https://csg-next.onrender.com/blog/mercury-retrograde-meaning-complete-survival-guide-2,Mercury Retrograde Meaning: Complete Survival Guide | Cosmic Spirit Guide,"Discover what mercury retrograde actually means. Get the survival guide with do's, don'ts & how to thrive during retrograde periods.",https://cosmicspiritguide.com,3,557,2,COSMIC SPIRIT GUIDE | Cosmic Astrology & Celestial Guidance,"Interactive birth charts, celestial map explorer, and cosmic readings.",,0,7,0,EDITORIAL_REVIEW,"Editorial page; verify accuracy, originality, search intent, engagement/backlinks if available, and refresh or redirect rather than blind copy."
/blog/mother-s-instinct-understanding-pregnancy-infant-temperament-and-psychology,/blog,200,404,https://cosmicspiritguide.com/blog/mother-s-instinct-understanding-pregnancy-infant-temperament-and-psychology,https://csg-next.onrender.com/blog/mother-s-instinct-understanding-pregnancy-infant-temperament-and-psychology,"Mother's Instinct: Understanding Pregnancy, Infant Temperament, and Psychology | Cosmic Spirit Guide","Explore the intersection of science and spirituality in motherhood. This guide blends maternal psychology and infant temperament with cosmic insights—like astrology and tarot—to help you trust your intuition and build a confident, secure bond with your baby.",https://cosmicspiritguide.com,2,859,2,COSMIC SPIRIT GUIDE | Cosmic Astrology & Celestial Guidance,"Interactive birth charts, celestial map explorer, and cosmic readings.",,0,7,0,EDITORIAL_REVIEW,"Editorial page; verify accuracy, originality, search intent, engagement/backlinks if available, and refresh or redirect rather than blind copy."
/blog/numerology-compatibility-calculator-life-path-numbers-1,/blog,200,404,https://cosmicspiritguide.com/blog/numerology-compatibility-calculator-life-path-numbers-1,https://csg-next.onrender.com/blog/numerology-compatibility-calculator-life-path-numbers-1,Numerology Compatibility Calculator: Life Path Numbers | Cosmic Spirit Guide,"Calculate your numerology compatibility using life path numbers. Discover relationship strengths, challenges & cosmic connections.",https://cosmicspiritguide.com,3,556,2,COSMIC SPIRIT GUIDE | Cosmic Astrology & Celestial Guidance,"Interactive birth charts, celestial map explorer, and cosmic readings.",,0,7,0,EDITORIAL_REVIEW,"Editorial page; verify accuracy, originality, search intent, engagement/backlinks if available, and refresh or redirect rather than blind copy."
/blog/numerology-compatibility-calculator-life-path-numbers-2,/blog,200,404,https://cosmicspiritguide.com/blog/numerology-compatibility-calculator-life-path-numbers-2,https://csg-next.onrender.com/blog/numerology-compatibility-calculator-life-path-numbers-2,Numerology Compatibility Calculator: Life Path Numbers | Cosmic Spirit Guide,"Calculate your numerology compatibility using life path numbers. Discover relationship strengths, challenges & cosmic connections.",https://cosmicspiritguide.com,3,556,2,COSMIC SPIRIT GUIDE | Cosmic Astrology & Celestial Guidance,"Interactive birth charts, celestial map explorer, and cosmic readings.",,0,7,0,EDITORIAL_REVIEW,"Editorial page; verify accuracy, originality, search intent, engagement/backlinks if available, and refresh or redirect rather than blind copy."
/blog/reading-the-love-line-a-heart-centered-guide-to-palmistry-emotional-patterns-and-self-discovery,/blog,200,200,https://cosmicspiritguide.com/blog/reading-the-love-line-a-heart-centered-guide-to-palmistry-emotional-patterns-and-self-discovery,https://csg-next.onrender.com/blog/reading-the-love-line-a-heart-centered-guide-to-palmistry-emotional-patterns-and-self-discovery,"Reading the Love Line: A Heart-Centered Guide to Palmistry, Emotional Patterns, and Self-Discovery | Cosmic Spirit Guide","Learn love line palm reading: what your heart line reveals about relationships, emotional patterns, and your growing capacity for self-love and connection.",https://cosmicspiritguide.com,2,2270,2,Love Line Palm Reading: How to Read Your Heart Line for Emotional Insight,"Learn love line palm reading: what your heart line reveals about relationships, emotional patterns, and your growing capacity for self-love and connection.",https://cosmicspiritguide.com/blog/reading-the-love-line-a-heart-centered-guide-to-palmistry-emotional-patterns-and-self-discovery,1,2594,6,KEEP_SYNCED_OR_REVIEW_DUPLICATE,Route already resolves on new build; compare content and metadata before deciding canonical version.
/blog/relationship-compatibility-beyond-sun,/blog,200,404,https://cosmicspiritguide.com/blog/relationship-compatibility-beyond-sun,https://csg-next.onrender.com/blog/relationship-compatibility-beyond-sun,Relationship Compatibility: Beyond Sun Signs | Cosmic Spirit Guide,"Discover what truly determines relationship compatibility beyond sun signs — moon signs, rising signs, Venus placements, and the astrological factors that shape your connections.",https://cosmicspiritguide.com,3,482,2,COSMIC SPIRIT GUIDE | Cosmic Astrology & Celestial Guidance,"Interactive birth charts, celestial map explorer, and cosmic readings.",,0,7,0,EDITORIAL_REVIEW,"Editorial page; verify accuracy, originality, search intent, engagement/backlinks if available, and refresh or redirect rather than blind copy."
/blog/rising-sign-calculator-find-your-ascendant-sign-free,/blog,200,404,https://cosmicspiritguide.com/blog/rising-sign-calculator-find-your-ascendant-sign-free,https://csg-next.onrender.com/blog/rising-sign-calculator-find-your-ascendant-sign-free,Rising Sign Calculator: Find Your Ascendant Sign Free | Cosmic Spirit Guide,"Calculate your rising sign (ascendant) free. Discover how your rising sign shapes first impressions, appearance & approach to life.",https://cosmicspiritguide.com,3,567,2,COSMIC SPIRIT GUIDE | Cosmic Astrology & Celestial Guidance,"Interactive birth charts, celestial map explorer, and cosmic readings.",,0,7,0,EDITORIAL_REVIEW,"Editorial page; verify accuracy, originality, search intent, engagement/backlinks if available, and refresh or redirect rather than blind copy."
/blog/rising-sign-calculator-find-your-ascendant-sign-free-2,/blog,200,404,https://cosmicspiritguide.com/blog/rising-sign-calculator-find-your-ascendant-sign-free-2,https://csg-next.onrender.com/blog/rising-sign-calculator-find-your-ascendant-sign-free-2,Rising Sign Calculator: Find Your Ascendant Sign Free | Cosmic Spirit Guide,"Calculate your rising sign (ascendant) free. Discover how your rising sign shapes first impressions, appearance & approach to life.",https://cosmicspiritguide.com,3,567,2,COSMIC SPIRIT GUIDE | Cosmic Astrology & Celestial Guidance,"Interactive birth charts, celestial map explorer, and cosmic readings.",,0,7,0,EDITORIAL_REVIEW,"Editorial page; verify accuracy, originality, search intent, engagement/backlinks if available, and refresh or redirect rather than blind copy."
/blog/step-into-your-power-embrace-ai-tailored-tarot-insights-today,/blog,200,404,https://cosmicspiritguide.com/blog/step-into-your-power-embrace-ai-tailored-tarot-insights-today,https://csg-next.onrender.com/blog/step-into-your-power-embrace-ai-tailored-tarot-insights-today,Step into Your Power- Embrace AI-Tailored Tarot Insights Today | Cosmic Spirit Guide,"AI-enhanced tarot offers personalized, clear spiritual guidance, blending ancient wisdom with technology to empower decision-making, boost confidence, and foster daily personal growth and clarity.",https://cosmicspiritguide.com,2,606,2,COSMIC SPIRIT GUIDE | Cosmic Astrology & Celestial Guidance,"Interactive birth charts, celestial map explorer, and cosmic readings.",,0,7,0,EDITORIAL_REVIEW,"Editorial page; verify accuracy, originality, search intent, engagement/backlinks if available, and refresh or redirect rather than blind copy."
/blog/the-complete-guide-to-all-78-tarot-cards-meaning-major-arcana-minor-arcana-court-cards-2026-08-17,/blog,200,200,https://cosmicspiritguide.com/blog/the-complete-guide-to-all-78-tarot-cards-meaning-major-arcana-minor-arcana-court-cards-2026-08-17,https://csg-next.onrender.com/blog/the-complete-guide-to-all-78-tarot-cards-meaning-major-arcana-minor-arcana-court-cards-2026-08-17,"The Complete Guide to All 78 Tarot Cards Meaning: Major Arcana, Minor Arcana & Court Cards | Cosmic Spirit Guide","A tarot deck is divided into two distinct yet complementary realms. The Major Arcana consists of 22 cards numbered 0 through 21, representing life's great karmi",https://cosmicspiritguide.com,2,2441,2,"The Complete Guide to All 78 Tarot Cards Meaning: Major Arcana, Minor Arcana & Court Cards",,,1,2794,6,KEEP_SYNCED_OR_REVIEW_DUPLICATE,Route already resolves on new build; compare content and metadata before deciding canonical version.
/blog/the-future-of-fate-how-ai-powered-tarot-readings-work,/blog,200,404,https://cosmicspiritguide.com/blog/the-future-of-fate-how-ai-powered-tarot-readings-work,https://csg-next.onrender.com/blog/the-future-of-fate-how-ai-powered-tarot-readings-work,The Future of Fate: How AI-Powered Tarot Readings Work | Cosmic Spirit Guide,Can a machine have spiritual insight? Explore the science of syncretism and how AI-powered tarot readings are bridging the gap between ancient archetypes and modern algorithms.,https://cosmicspiritguide.com,2,983,2,COSMIC SPIRIT GUIDE | Cosmic Astrology & Celestial Guidance,"Interactive birth charts, celestial map explorer, and cosmic readings.",,0,7,0,EDITORIAL_REVIEW,"Editorial page; verify accuracy, originality, search intent, engagement/backlinks if available, and refresh or redirect rather than blind copy."
/blog/the-future-of-intuition-how-ai-is-transforming-spiritual-guidance,/blog,200,404,https://cosmicspiritguide.com/blog/the-future-of-intuition-how-ai-is-transforming-spiritual-guidance,https://csg-next.onrender.com/blog/the-future-of-intuition-how-ai-is-transforming-spiritual-guidance,The Future of intuition-How AI is Transforming Spiritual Guidance | Cosmic Spirit Guide,"Discover how AI and ancient wisdom are merging to create a new era of personalized spiritual insight. Explore how digital intuition, AI tarot, and modern astrology are reshaping the way we seek meaning and connection.",https://cosmicspiritguide.com,2,922,2,COSMIC SPIRIT GUIDE | Cosmic Astrology & Celestial Guidance,"Interactive birth charts, celestial map explorer, and cosmic readings.",,0,7,0,EDITORIAL_REVIEW,"Editorial page; verify accuracy, originality, search intent, engagement/backlinks if available, and refresh or redirect rather than blind copy."
/blog/the-spiritual-meaning-of-repeating-numbers-a-cosmic-spirit-guide-to-intuitive-angel-numbers,/blog,200,200,https://cosmicspiritguide.com/blog/the-spiritual-meaning-of-repeating-numbers-a-cosmic-spirit-guide-to-intuitive-angel-numbers,https://csg-next.onrender.com/blog/the-spiritual-meaning-of-repeating-numbers-a-cosmic-spirit-guide-to-intuitive-angel-numbers,The Spiritual Meaning of Repeating Numbers: A Cosmic Spirit Guide to Intuitive Angel Numbers | Cosmic Spirit Guide,"Discover the spiritual meaning of repeating numbers. Learn to decode angel numbers through intuition, ancient wisdom, and conscious evolution.",https://cosmicspiritguide.com,2,5288,2,The Spiritual Meaning of Repeating Numbers: A Cosmic Guide,"Discover the spiritual meaning of repeating numbers. Learn to decode angel numbers through intuition, ancient wisdom, and conscious evolution.",,1,5549,6,KEEP_SYNCED_OR_REVIEW_DUPLICATE,Route already resolves on new build; compare content and metadata before deciding canonical version.
/blog/the-summer-solstice-is-coming-here-s-how-to-align-your-energy-with-the-longest-day-of-the-year,/blog,200,200,https://cosmicspiritguide.com/blog/the-summer-solstice-is-coming-here-s-how-to-align-your-energy-with-the-longest-day-of-the-year,https://csg-next.onrender.com/blog/the-summer-solstice-is-coming-here-s-how-to-align-your-energy-with-the-longest-day-of-the-year,The Summer Solstice Is Coming — Here's How to Align Your Energy With the Longest Day of the Year | Cosmic Spirit Guide,"Celebrate the Summer Solstice 2026 with simple rituals, spiritual insights, and the shift into Cancer season. Discover the meaning of the year's longest day and set intentions for growth, gratitude, and emotional renewal.",https://cosmicspiritguide.com,2,999,2,The Summer Solstice Is Coming — Here's How to Align Your Energy With the Longest Day of the Year,"Discover the spiritual meaning of the Summer Solstice 2026, simple rituals to celebrate, and how Cancer season's energy can guide growth and renewal.",https://cosmicspiritguide.com/blog/the-summer-solstice-is-coming-here-s-how-to-align-your-energy-with-the-longest-day-of-the-year,1,930,4,KEEP_SYNCED_OR_REVIEW_DUPLICATE,Route already resolves on new build; compare content and metadata before deciding canonical version.
/blog/twin-flame-compatibility-test-are-they-your-other-half-1,/blog,200,404,https://cosmicspiritguide.com/blog/twin-flame-compatibility-test-are-they-your-other-half-1,https://csg-next.onrender.com/blog/twin-flame-compatibility-test-are-they-your-other-half-1,Twin Flame Compatibility Test: Are They Your Other Half? | Cosmic Spirit Guide,Take our free twin flame compatibility test to discover if you've met your mirror soul. Learn the 7 signs of a true twin flame connection.,https://cosmicspiritguide.com,3,597,2,COSMIC SPIRIT GUIDE | Cosmic Astrology & Celestial Guidance,"Interactive birth charts, celestial map explorer, and cosmic readings.",,0,7,0,EDITORIAL_REVIEW,"Editorial page; verify accuracy, originality, search intent, engagement/backlinks if available, and refresh or redirect rather than blind copy."
/blog/twin-flame-compatibility-test-are-they-your-other-half-2,/blog,200,404,https://cosmicspiritguide.com/blog/twin-flame-compatibility-test-are-they-your-other-half-2,https://csg-next.onrender.com/blog/twin-flame-compatibility-test-are-they-your-other-half-2,Twin Flame Compatibility Test: Are They Your Other Half? | Cosmic Spirit Guide,Take our free twin flame compatibility test to discover if you've met your mirror soul. Learn the 7 signs of a true twin flame connection.,https://cosmicspiritguide.com,3,597,2,COSMIC SPIRIT GUIDE | Cosmic Astrology & Celestial Guidance,"Interactive birth charts, celestial map explorer, and cosmic readings.",,0,7,0,EDITORIAL_REVIEW,"Editorial page; verify accuracy, originality, search intent, engagement/backlinks if available, and refresh or redirect rather than blind copy."
/blog/twin-flame-vs-soulmate-the-real-difference-and-how-to-know-which-you-ve-met,/blog,200,404,https://cosmicspiritguide.com/blog/twin-flame-vs-soulmate-the-real-difference-and-how-to-know-which-you-ve-met,https://csg-next.onrender.com/blog/twin-flame-vs-soulmate-the-real-difference-and-how-to-know-which-you-ve-met,Twin Flame vs Soulmate: The Real Difference and How to Know Which You've Met | Cosmic Spirit Guide,"Not every deep connection is a twin flame — and not every twin flame is meant to stay. Here's how to tell the difference between a soulmate and a twin flame, what each one is actually for, and how astrology reveals which one you're in.",https://cosmicspiritguide.com,3,2612,2,COSMIC SPIRIT GUIDE | Cosmic Astrology & Celestial Guidance,"Interactive birth charts, celestial map explorer, and cosmic readings.",,0,7,0,EDITORIAL_REVIEW,"Editorial page; verify accuracy, originality, search intent, engagement/backlinks if available, and refresh or redirect rather than blind copy."
/blog/what-is-my-birth-chart,/blog,200,404,https://cosmicspiritguide.com/blog/what-is-my-birth-chart,https://csg-next.onrender.com/blog/what-is-my-birth-chart,What Is My Birth Chart? The Complete Guide to Your Natal Chart | Cosmic Spirit Guide,"Your birth chart is a snapshot of the sky at the moment you were born. This guide breaks down Sun, Moon, Rising, planets, houses, and aspects — and shows you how to calculate yours in under a minute.",https://cosmicspiritguide.com,3,2860,2,COSMIC SPIRIT GUIDE | Cosmic Astrology & Celestial Guidance,"Interactive birth charts, celestial map explorer, and cosmic readings.",,0,7,0,EDITORIAL_REVIEW,"Editorial page; verify accuracy, originality, search intent, engagement/backlinks if available, and refresh or redirect rather than blind copy."
/coach,/coach,200,404,https://cosmicspiritguide.com/coach,https://csg-next.onrender.com/coach,AI Spiritual Coach & Tarot Guide | Cosmic Spirit Guide,"Get personalized spiritual coaching from our AI tarot guide. Receive daily guidance, meditation prompts, and spiritual growth advice tailored to your energy.",https://cosmicspiritguide.com,2,62,2,404: This page could not be found.,"Interactive birth charts, celestial map explorer, and cosmic readings.",,1,57,0,REVIEW_MERGE_REDIRECT,"No automatic migration; establish user/search purpose and choose keep, merge, redirect, or intentional 410."
/compatibility,/compatibility,200,404,https://cosmicspiritguide.com/compatibility,https://csg-next.onrender.com/compatibility,Free Love Compatibility Test & Zodiac Match Calculator | Cosmic Spirit Guide,"Calculate your love compatibility by zodiac sign. Free relationship match test comparing birth charts for romance, friendship & soulmate connections. Get instant astrology insights.",https://cosmicspiritguide.com/compatibility,2,80,2,404: This page could not be found.,"Interactive birth charts, celestial map explorer, and cosmic readings.",,1,57,0,REBUILD_PROGRAMMATIC_IF_UNIQUE,"Programmatic family; retain only with unique intent, deterministic factual data, useful copy, and non-duplicative internal links."
/compatibility/aquarius-and-aries,/compatibility,200,404,https://cosmicspiritguide.com/compatibility/aquarius-and-aries,https://csg-next.onrender.com/compatibility/aquarius-and-aries,Aquarius and Aries Compatibility | Love Match Guide,"Aquarius (Air) and Aries (Fire) compatibility: Excellent match at 88%. Strengths, challenges, and advice for this zodiac pairing.",https://cosmicspiritguide.com/compatibility/aquarius-and-aries,2,252,2,404: This page could not be found.,"Interactive birth charts, celestial map explorer, and cosmic readings.",,1,57,0,REBUILD_PROGRAMMATIC_IF_UNIQUE,"Programmatic family; retain only with unique intent, deterministic factual data, useful copy, and non-duplicative internal links."
/compatibility/aquarius-and-cancer,/compatibility,200,404,https://cosmicspiritguide.com/compatibility/aquarius-and-cancer,https://csg-next.onrender.com/compatibility/aquarius-and-cancer,Aquarius and Cancer Compatibility | Love Match Guide,"Aquarius (Air) and Cancer (Water) compatibility: Good match at 65%. Strengths, challenges, and advice for this zodiac pairing.",https://cosmicspiritguide.com/compatibility/aquarius-and-cancer,2,239,2,404: This page could not be found.,"Interactive birth charts, celestial map explorer, and cosmic readings.",,1,57,0,REBUILD_PROGRAMMATIC_IF_UNIQUE,"Programmatic family; retain only with unique intent, deterministic factual data, useful copy, and non-duplicative internal links."
/compatibility/aquarius-and-capricorn,/compatibility,200,404,https://cosmicspiritguide.com/compatibility/aquarius-and-capricorn,https://csg-next.onrender.com/compatibility/aquarius-and-capricorn,Aquarius and Capricorn Compatibility | Love Match Guide,"Aquarius (Air) and Capricorn (Earth) compatibility: Challenging match at 48%. Strengths, challenges, and advice for this zodiac pairing.",https://cosmicspiritguide.com/compatibility/aquarius-and-capricorn,2,243,2,404: This page could not be found.,"Interactive birth charts, celestial map explorer, and cosmic readings.",,1,57,0,REBUILD_PROGRAMMATIC_IF_UNIQUE,"Programmatic family; retain only with unique intent, deterministic factual data, useful copy, and non-duplicative internal links."
/compatibility/aquarius-and-gemini,/compatibility,200,404,https://cosmicspiritguide.com/compatibility/aquarius-and-gemini,https://csg-next.onrender.com/compatibility/aquarius-and-gemini,Aquarius and Gemini Compatibility | Love Match Guide,"Aquarius (Air) and Gemini (Air) compatibility: Strong match at 78%. Strengths, challenges, and advice for this zodiac pairing.",https://cosmicspiritguide.com/compatibility/aquarius-and-gemini,2,255,2,404: This page could not be found.,"Interactive birth charts, celestial map explorer, and cosmic readings.",,1,57,0,REBUILD_PROGRAMMATIC_IF_UNIQUE,"Programmatic family; retain only with unique intent, deterministic factual data, useful copy, and non-duplicative internal links."
/compatibility/aquarius-and-leo,/compatibility,200,404,https://cosmicspiritguide.com/compatibility/aquarius-and-leo,https://csg-next.onrender.com/compatibility/aquarius-and-leo,Aquarius and Leo Compatibility | Love Match Guide,"Aquarius (Air) and Leo (Fire) compatibility: Excellent match at 93%. Strengths, challenges, and advice for this zodiac pairing.",https://cosmicspiritguide.com/compatibility/aquarius-and-leo,2,261,2,404: This page could not be found.,"Interactive birth charts, celestial map explorer, and cosmic readings.",,1,57,0,REBUILD_PROGRAMMATIC_IF_UNIQUE,"Programmatic family; retain only with unique intent, deterministic factual data, useful copy, and non-duplicative internal links."
/compatibility/aquarius-and-libra,/compatibility,200,404,https://cosmicspiritguide.com/compatibility/aquarius-and-libra,https://csg-next.onrender.com/compatibility/aquarius-and-libra,Aquarius and Libra Compatibility | Love Match Guide,"Aquarius (Air) and Libra (Air) compatibility: Strong match at 78%. Strengths, challenges, and advice for this zodiac pairing.",https://cosmicspiritguide.com/compatibility/aquarius-and-libra,2,256,2,404: This page could not be found.,"Interactive birth charts, celestial map explorer, and cosmic readings.",,1,57,0,REBUILD_PROGRAMMATIC_IF_UNIQUE,"Programmatic family; retain only with unique intent, deterministic factual data, useful copy, and non-duplicative internal links."
/compatibility/aquarius-and-pisces,/compatibility,200,404,https://cosmicspiritguide.com/compatibility/aquarius-and-pisces,https://csg-next.onrender.com/compatibility/aquarius-and-pisces,Aquarius and Pisces Compatibility | Love Match Guide,"Aquarius (Air) and Pisces (Water) compatibility: Good match at 65%. Strengths, challenges, and advice for this zodiac pairing.",https://cosmicspiritguide.com/compatibility/aquarius-and-pisces,2,242,2,404: This page could not be found.,"Interactive birth charts, celestial map explorer, and cosmic readings.",,1,57,0,REBUILD_PROGRAMMATIC_IF_UNIQUE,"Programmatic family; retain only with unique intent, deterministic factual data, useful copy, and non-duplicative internal links."
/compatibility/aquarius-and-sagittarius,/compatibility,200,404,https://cosmicspiritguide.com/compatibility/aquarius-and-sagittarius,https://csg-next.onrender.com/compatibility/aquarius-and-sagittarius,Aquarius and Sagittarius Compatibility | Love Match Guide,"Aquarius (Air) and Sagittarius (Fire) compatibility: Excellent match at 88%. Strengths, challenges, and advice for this zodiac pairing.",https://cosmicspiritguide.com/compatibility/aquarius-and-sagittarius,2,252,2,404: This page could not be found.,"Interactive birth charts, celestial map explorer, and cosmic readings.",,1,57,0,REBUILD_PROGRAMMATIC_IF_UNIQUE,"Programmatic family; retain only with unique intent, deterministic factual data, useful copy, and non-duplicative internal links."
/compatibility/aquarius-and-scorpio,/compatibility,200,404,https://cosmicspiritguide.com/compatibility/aquarius-and-scorpio,https://csg-next.onrender.com/compatibility/aquarius-and-scorpio,Aquarius and Scorpio Compatibility | Love Match Guide,"Aquarius (Air) and Scorpio (Water) compatibility: Strong match at 70%. Strengths, challenges, and advice for this zodiac pairing.",https://cosmicspiritguide.com/compatibility/aquarius-and-scorpio,2,249,2,404: This page could not be found.,"Interactive birth charts, celestial map explorer, and cosmic readings.",,1,57,0,REBUILD_PROGRAMMATIC_IF_UNIQUE,"Programmatic family; retain only with unique intent, deterministic factual data, useful copy, and non-duplicative internal links."
/compatibility/aquarius-and-taurus,/compatibility,200,404,https://cosmicspiritguide.com/compatibility/aquarius-and-taurus,https://csg-next.onrender.com/compatibility/aquarius-and-taurus,Aquarius and Taurus Compatibility | Love Match Guide,"Aquarius (Air) and Taurus (Earth) compatibility: Challenging match at 48%. Strengths, challenges, and advice for this zodiac pairing.",https://cosmicspiritguide.com/compatibility/aquarius-and-taurus,2,251,2,404: This page could not be found.,"Interactive birth charts, celestial map explorer, and cosmic readings.",,1,57,0,REBUILD_PROGRAMMATIC_IF_UNIQUE,"Programmatic family; retain only with unique intent, deterministic factual data, useful copy, and non-duplicative internal links."
/compatibility/aquarius-and-virgo,/compatibility,200,404,https://cosmicspiritguide.com/compatibility/aquarius-and-virgo,https://csg-next.onrender.com/compatibility/aquarius-and-virgo,Aquarius and Virgo Compatibility | Love Match Guide,"Aquarius (Air) and Virgo (Earth) compatibility: Challenging match at 48%. Strengths, challenges, and advice for this zodiac pairing.",https://cosmicspiritguide.com/compatibility/aquarius-and-virgo,2,241,2,404: This page could not be found.,"Interactive birth charts, celestial map explorer, and cosmic readings.",,1,57,0,REBUILD_PROGRAMMATIC_IF_UNIQUE,"Programmatic family; retain only with unique intent, deterministic factual data, useful copy, and non-duplicative internal links."
/compatibility/aries-and-cancer,/compatibility,200,404,https://cosmicspiritguide.com/compatibility/aries-and-cancer,https://csg-next.onrender.com/compatibility/aries-and-cancer,Aries and Cancer Compatibility | Love Match Guide,"Aries (Fire) and Cancer (Water) compatibility: Challenging match at 48%. Strengths, challenges, and advice for this zodiac pairing.",https://cosmicspiritguide.com/compatibility/aries-and-cancer,2,247,2,404: This page could not be found.,"Interactive birth charts, celestial map explorer, and cosmic readings.",,1,57,0,REBUILD_PROGRAMMATIC_IF_UNIQUE,"Programmatic family; retain only with unique intent, deterministic factual data, useful copy, and non-duplicative internal links."
/compatibility/aries-and-capricorn,/compatibility,200,404,https://cosmicspiritguide.com/compatibility/aries-and-capricorn,https://csg-next.onrender.com/compatibility/aries-and-capricorn,Aries and Capricorn Compatibility | Love Match Guide,"Aries (Fire) and Capricorn (Earth) compatibility: Strong match at 70%. Strengths, challenges, and advice for this zodiac pairing.",https://cosmicspiritguide.com/compatibility/aries-and-capricorn,2,251,2,404: This page could not be found.,"Interactive birth charts, celestial map explorer, and cosmic readings.",,1,57,0,REBUILD_PROGRAMMATIC_IF_UNIQUE,"Programmatic family; retain only with unique intent, deterministic factual data, useful copy, and non-duplicative internal links."
/compatibility/aries-and-gemini,/compatibility,200,404,https://cosmicspiritguide.com/compatibility/aries-and-gemini,https://csg-next.onrender.com/compatibility/aries-and-gemini,Aries and Gemini Compatibility | Love Match Guide,"Aries (Fire) and Gemini (Air) compatibility: Excellent match at 88%. Strengths, challenges, and advice for this zodiac pairing.",https://cosmicspiritguide.com/compatibility/aries-and-gemini,2,252,2,404: This page could not be found.,"Interactive birth charts, celestial map explorer, and cosmic readings.",,1,57,0,REBUILD_PROGRAMMATIC_IF_UNIQUE,"Programmatic family; retain only with unique intent, deterministic factual data, useful copy, and non-duplicative internal links."
/compatibility/aries-and-leo,/compatibility,200,404,https://cosmicspiritguide.com/compatibility/aries-and-leo,https://csg-next.onrender.com/compatibility/aries-and-leo,Aries and Leo Compatibility | Love Match Guide,"Aries (Fire) and Leo (Fire) compatibility: Strong match at 78%. Strengths, challenges, and advice for this zodiac pairing.",https://cosmicspiritguide.com/compatibility/aries-and-leo,2,254,2,404: This page could not be found.,"Interactive birth charts, celestial map explorer, and cosmic readings.",,1,57,0,REBUILD_PROGRAMMATIC_IF_UNIQUE,"Programmatic family; retain only with unique intent, deterministic factual data, useful copy, and non-duplicative internal links."
/compatibility/aries-and-libra,/compatibility,200,404,https://cosmicspiritguide.com/compatibility/aries-and-libra,https://csg-next.onrender.com/compatibility/aries-and-libra,Aries and Libra Compatibility | Love Match Guide,"Aries (Fire) and Libra (Air) compatibility: Excellent match at 93%. Strengths, challenges, and advice for this zodiac pairing.",https://cosmicspiritguide.com/compatibility/aries-and-libra,2,260,2,404: This page could not be found.,"Interactive birth charts, celestial map explorer, and cosmic readings.",,1,57,0,REBUILD_PROGRAMMATIC_IF_UNIQUE,"Programmatic family; retain only with unique intent, deterministic factual data, useful copy, and non-duplicative internal links."
/compatibility/aries-and-pisces,/compatibility,200,404,https://cosmicspiritguide.com/compatibility/aries-and-pisces,https://csg-next.onrender.com/compatibility/aries-and-pisces,Aries and Pisces Compatibility | Love Match Guide,"Aries (Fire) and Pisces (Water) compatibility: Challenging match at 48%. Strengths, challenges, and advice for this zodiac pairing.",https://cosmicspiritguide.com/compatibility/aries-and-pisces,2,242,2,404: This page could not be found.,"Interactive birth charts, celestial map explorer, and cosmic readings.",,1,57,0,REBUILD_PROGRAMMATIC_IF_UNIQUE,"Programmatic family; retain only with unique intent, deterministic factual data, useful copy, and non-duplicative internal links."
/compatibility/aries-and-sagittarius,/compatibility,200,404,https://cosmicspiritguide.com/compatibility/aries-and-sagittarius,https://csg-next.onrender.com/compatibility/aries-and-sagittarius,Aries and Sagittarius Compatibility | Love Match Guide,"Aries (Fire) and Sagittarius (Fire) compatibility: Strong match at 78%. Strengths, challenges, and advice for this zodiac pairing.",https://cosmicspiritguide.com/compatibility/aries-and-sagittarius,2,252,2,404: This page could not be found.,"Interactive birth charts, celestial map explorer, and cosmic readings.",,1,57,0,REBUILD_PROGRAMMATIC_IF_UNIQUE,"Programmatic family; retain only with unique intent, deterministic factual data, useful copy, and non-duplicative internal links."
/compatibility/aries-and-scorpio,/compatibility,200,404,https://cosmicspiritguide.com/compatibility/aries-and-scorpio,https://csg-next.onrender.com/compatibility/aries-and-scorpio,Aries and Scorpio Compatibility | Love Match Guide,"Aries (Fire) and Scorpio (Water) compatibility: Challenging match at 48%. Strengths, challenges, and advice for this zodiac pairing.",https://cosmicspiritguide.com/compatibility/aries-and-scorpio,2,241,2,404: This page could not be found.,"Interactive birth charts, celestial map explorer, and cosmic readings.",,1,57,0,REBUILD_PROGRAMMATIC_IF_UNIQUE,"Programmatic family; retain only with unique intent, deterministic factual data, useful copy, and non-duplicative internal links."
/compatibility/aries-and-taurus,/compatibility,200,404,https://cosmicspiritguide.com/compatibility/aries-and-taurus,https://csg-next.onrender.com/compatibility/aries-and-taurus,Aries and Taurus Compatibility | Love Match Guide,"Aries (Fire) and Taurus (Earth) compatibility: Good match at 65%. Strengths, challenges, and advice for this zodiac pairing.",https://cosmicspiritguide.com/compatibility/aries-and-taurus,2,243,2,404: This page could not be found.,"Interactive birth charts, celestial map explorer, and cosmic readings.",,1,57,0,REBUILD_PROGRAMMATIC_IF_UNIQUE,"Programmatic family; retain only with unique intent, deterministic factual data, useful copy, and non-duplicative internal links."
/compatibility/aries-and-virgo,/compatibility,200,404,https://cosmicspiritguide.com/compatibility/aries-and-virgo,https://csg-next.onrender.com/compatibility/aries-and-virgo,Aries and Virgo Compatibility | Love Match Guide,"Aries (Fire) and Virgo (Earth) compatibility: Good match at 65%. Strengths, challenges, and advice for this zodiac pairing.",https://cosmicspiritguide.com/compatibility/aries-and-virgo,2,241,2,404: This page could not be found.,"Interactive birth charts, celestial map explorer, and cosmic readings.",,1,57,0,REBUILD_PROGRAMMATIC_IF_UNIQUE,"Programmatic family; retain only with unique intent, deterministic factual data, useful copy, and non-duplicative internal links."
/compatibility/cancer-and-capricorn,/compatibility,200,404,https://cosmicspiritguide.com/compatibility/cancer-and-capricorn,https://csg-next.onrender.com/compatibility/cancer-and-capricorn,Cancer and Capricorn Compatibility | Love Match Guide,"Cancer (Water) and Capricorn (Earth) compatibility: Excellent match at 93%. Strengths, challenges, and advice for this zodiac pairing.",https://cosmicspiritguide.com/compatibility/cancer-and-capricorn,2,258,2,404: This page could not be found.,"Interactive birth charts, celestial map explorer, and cosmic readings.",,1,57,0,REBUILD_PROGRAMMATIC_IF_UNIQUE,"Programmatic family; retain only with unique intent, deterministic factual data, useful copy, and non-duplicative internal links."
/compatibility/cancer-and-gemini,/compatibility,200,404,https://cosmicspiritguide.com/compatibility/cancer-and-gemini,https://csg-next.onrender.com/compatibility/cancer-and-gemini,Cancer and Gemini Compatibility | Love Match Guide,"Cancer (Water) and Gemini (Air) compatibility: Good match at 65%. Strengths, challenges, and advice for this zodiac pairing.",https://cosmicspiritguide.com/compatibility/cancer-and-gemini,2,243,2,404: This page could not be found.,"Interactive birth charts, celestial map explorer, and cosmic readings.",,1,57,0,REBUILD_PROGRAMMATIC_IF_UNIQUE,"Programmatic family; retain only with unique intent, deterministic factual data, useful copy, and non-duplicative internal links."
/compatibility/cancer-and-leo,/compatibility,200,404,https://cosmicspiritguide.com/compatibility/cancer-and-leo,https://csg-next.onrender.com/compatibility/cancer-and-leo,Cancer and Leo Compatibility | Love Match Guide,"Cancer (Water) and Leo (Fire) compatibility: Challenging match at 48%. Strengths, challenges, and advice for this zodiac pairing.",https://cosmicspiritguide.com/compatibility/cancer-and-leo,2,243,2,404: This page could not be found.,"Interactive birth charts, celestial map explorer, and cosmic readings.",,1,57,0,REBUILD_PROGRAMMATIC_IF_UNIQUE,"Programmatic family; retain only with unique intent, deterministic factual data, useful copy, and non-duplicative internal links."
/compatibility/cancer-and-libra,/compatibility,200,404,https://cosmicspiritguide.com/compatibility/cancer-and-libra,https://csg-next.onrender.com/compatibility/cancer-and-libra,Cancer and Libra Compatibility | Love Match Guide,"Cancer (Water) and Libra (Air) compatibility: Strong match at 70%. Strengths, challenges, and advice for this zodiac pairing.",https://cosmicspiritguide.com/compatibility/cancer-and-libra,2,252,2,404: This page could not be found.,"Interactive birth charts, celestial map explorer, and cosmic readings.",,1,57,0,REBUILD_PROGRAMMATIC_IF_UNIQUE,"Programmatic family; retain only with unique intent, deterministic factual data, useful copy, and non-duplicative internal links."
/compatibility/cancer-and-pisces,/compatibility,200,404,https://cosmicspiritguide.com/compatibility/cancer-and-pisces,https://csg-next.onrender.com/compatibility/cancer-and-pisces,Cancer and Pisces Compatibility | Love Match Guide,"Cancer (Water) and Pisces (Water) compatibility: Strong match at 78%. Strengths, challenges, and advice for this zodiac pairing.",https://cosmicspiritguide.com/compatibility/cancer-and-pisces,2,252,2,404: This page could not be found.,"Interactive birth charts, celestial map explorer, and cosmic readings.",,1,57,0,REBUILD_PROGRAMMATIC_IF_UNIQUE,"Programmatic family; retain only with unique intent, deterministic factual data, useful copy, and non-duplicative internal links."
/compatibility/cancer-and-sagittarius,/compatibility,200,404,https://cosmicspiritguide.com/compatibility/cancer-and-sagittarius,https://csg-next.onrender.com/compatibility/cancer-and-sagittarius,Cancer and Sagittarius Compatibility | Love Match Guide,"Cancer (Water) and Sagittarius (Fire) compatibility: Challenging match at 48%. Strengths, challenges, and advice for this zodiac pairing.",https://cosmicspiritguide.com/compatibility/cancer-and-sagittarius,2,241,2,404: This page could not be found.,"Interactive birth charts, celestial map explorer, and cosmic readings.",,1,57,0,REBUILD_PROGRAMMATIC_IF_UNIQUE,"Programmatic family; retain only with unique intent, deterministic factual data, useful copy, and non-duplicative internal links."
/compatibility/cancer-and-scorpio,/compatibility,200,404,https://cosmicspiritguide.com/compatibility/cancer-and-scorpio,https://csg-next.onrender.com/compatibility/cancer-and-scorpio,Cancer and Scorpio Compatibility | Love Match Guide,"Cancer (Water) and Scorpio (Water) compatibility: Strong match at 78%. Strengths, challenges, and advice for this zodiac pairing.",https://cosmicspiritguide.com/compatibility/cancer-and-scorpio,2,251,2,404: This page could not be found.,"Interactive birth charts, celestial map explorer, and cosmic readings.",,1,57,0,REBUILD_PROGRAMMATIC_IF_UNIQUE,"Programmatic family; retain only with unique intent, deterministic factual data, useful copy, and non-duplicative internal links."
/compatibility/cancer-and-taurus,/compatibility,200,404,https://cosmicspiritguide.com/compatibility/cancer-and-taurus,https://csg-next.onrender.com/compatibility/cancer-and-taurus,Cancer and Taurus Compatibility | Love Match Guide,"Cancer (Water) and Taurus (Earth) compatibility: Excellent match at 88%. Strengths, challenges, and advice for this zodiac pairing.",https://cosmicspiritguide.com/compatibility/cancer-and-taurus,2,252,2,404: This page could not be found.,"Interactive birth charts, celestial map explorer, and cosmic readings.",,1,57,0,REBUILD_PROGRAMMATIC_IF_UNIQUE,"Programmatic family; retain only with unique intent, deterministic factual data, useful copy, and non-duplicative internal links."
/compatibility/cancer-and-virgo,/compatibility,200,404,https://cosmicspiritguide.com/compatibility/cancer-and-virgo,https://csg-next.onrender.com/compatibility/cancer-and-virgo,Cancer and Virgo Compatibility | Love Match Guide,"Cancer (Water) and Virgo (Earth) compatibility: Excellent match at 88%. Strengths, challenges, and advice for this zodiac pairing.",https://cosmicspiritguide.com/compatibility/cancer-and-virgo,2,250,2,404: This page could not be found.,"Interactive birth charts, celestial map explorer, and cosmic readings.",,1,57,0,REBUILD_PROGRAMMATIC_IF_UNIQUE,"Programmatic family; retain only with unique intent, deterministic factual data, useful copy, and non-duplicative internal links."
/compatibility/capricorn-and-gemini,/compatibility,200,404,https://cosmicspiritguide.com/compatibility/capricorn-and-gemini,https://csg-next.onrender.com/compatibility/capricorn-and-gemini,Capricorn and Gemini Compatibility | Love Match Guide,"Capricorn (Earth) and Gemini (Air) compatibility: Challenging match at 48%. Strengths, challenges, and advice for this zodiac pairing.",https://cosmicspiritguide.com/compatibility/capricorn-and-gemini,2,243,2,404: This page could not be found.,"Interactive birth charts, celestial map explorer, and cosmic readings.",,1,57,0,REBUILD_PROGRAMMATIC_IF_UNIQUE,"Programmatic family; retain only with unique intent, deterministic factual data, useful copy, and non-duplicative internal links."
/compatibility/capricorn-and-leo,/compatibility,200,404,https://cosmicspiritguide.com/compatibility/capricorn-and-leo,https://csg-next.onrender.com/compatibility/capricorn-and-leo,Capricorn and Leo Compatibility | Love Match Guide,"Capricorn (Earth) and Leo (Fire) compatibility: Good match at 65%. Strengths, challenges, and advice for this zodiac pairing.",https://cosmicspiritguide.com/compatibility/capricorn-and-leo,2,243,2,404: This page could not be found.,"Interactive birth charts, celestial map explorer, and cosmic readings.",,1,57,0,REBUILD_PROGRAMMATIC_IF_UNIQUE,"Programmatic family; retain only with unique intent, deterministic factual data, useful copy, and non-duplicative internal links."
/compatibility/capricorn-and-libra,/compatibility,200,404,https://cosmicspiritguide.com/compatibility/capricorn-and-libra,https://csg-next.onrender.com/compatibility/capricorn-and-libra,Capricorn and Libra Compatibility | Love Match Guide,"Capricorn (Earth) and Libra (Air) compatibility: Challenging match at 48%. Strengths, challenges, and advice for this zodiac pairing.",https://cosmicspiritguide.com/compatibility/capricorn-and-libra,2,252,2,404: This page could not be found.,"Interactive birth charts, celestial map explorer, and cosmic readings.",,1,57,0,REBUILD_PROGRAMMATIC_IF_UNIQUE,"Programmatic family; retain only with unique intent, deterministic factual data, useful copy, and non-duplicative internal links."
/compatibility/capricorn-and-pisces,/compatibility,200,404,https://cosmicspiritguide.com/compatibility/capricorn-and-pisces,https://csg-next.onrender.com/compatibility/capricorn-and-pisces,Capricorn and Pisces Compatibility | Love Match Guide,"Capricorn (Earth) and Pisces (Water) compatibility: Excellent match at 88%. Strengths, challenges, and advice for this zodiac pairing.",https://cosmicspiritguide.com/compatibility/capricorn-and-pisces,2,255,2,404: This page could not be found.,"Interactive birth charts, celestial map explorer, and cosmic readings.",,1,57,0,REBUILD_PROGRAMMATIC_IF_UNIQUE,"Programmatic family; retain only with unique intent, deterministic factual data, useful copy, and non-duplicative internal links."
/compatibility/capricorn-and-sagittarius,/compatibility,200,404,https://cosmicspiritguide.com/compatibility/capricorn-and-sagittarius,https://csg-next.onrender.com/compatibility/capricorn-and-sagittarius,Capricorn and Sagittarius Compatibility | Love Match Guide,"Capricorn (Earth) and Sagittarius (Fire) compatibility: Good match at 65%. Strengths, challenges, and advice for this zodiac pairing.",https://cosmicspiritguide.com/compatibility/capricorn-and-sagittarius,2,241,2,404: This page could not be found.,"Interactive birth charts, celestial map explorer, and cosmic readings.",,1,57,0,REBUILD_PROGRAMMATIC_IF_UNIQUE,"Programmatic family; retain only with unique intent, deterministic factual data, useful copy, and non-duplicative internal links."
/compatibility/capricorn-and-scorpio,/compatibility,200,404,https://cosmicspiritguide.com/compatibility/capricorn-and-scorpio,https://csg-next.onrender.com/compatibility/capricorn-and-scorpio,Capricorn and Scorpio Compatibility | Love Match Guide,"Capricorn (Earth) and Scorpio (Water) compatibility: Excellent match at 88%. Strengths, challenges, and advice for this zodiac pairing.",https://cosmicspiritguide.com/compatibility/capricorn-and-scorpio,2,254,2,404: This page could not be found.,"Interactive birth charts, celestial map explorer, and cosmic readings.",,1,57,0,REBUILD_PROGRAMMATIC_IF_UNIQUE,"Programmatic family; retain only with unique intent, deterministic factual data, useful copy, and non-duplicative internal links."
/compatibility/capricorn-and-taurus,/compatibility,200,404,https://cosmicspiritguide.com/compatibility/capricorn-and-taurus,https://csg-next.onrender.com/compatibility/capricorn-and-taurus,Capricorn and Taurus Compatibility | Love Match Guide,"Capricorn (Earth) and Taurus (Earth) compatibility: Strong match at 78%. Strengths, challenges, and advice for this zodiac pairing.",https://cosmicspiritguide.com/compatibility/capricorn-and-taurus,2,257,2,404: This page could not be found.,"Interactive birth charts, celestial map explorer, and cosmic readings.",,1,57,0,REBUILD_PROGRAMMATIC_IF_UNIQUE,"Programmatic family; retain only with unique intent, deterministic factual data, useful copy, and non-duplicative internal links."
/compatibility/capricorn-and-virgo,/compatibility,200,404,https://cosmicspiritguide.com/compatibility/capricorn-and-virgo,https://csg-next.onrender.com/compatibility/capricorn-and-virgo,Capricorn and Virgo Compatibility | Love Match Guide,"Capricorn (Earth) and Virgo (Earth) compatibility: Strong match at 78%. Strengths, challenges, and advice for this zodiac pairing.",https://cosmicspiritguide.com/compatibility/capricorn-and-virgo,2,255,2,404: This page could not be found.,"Interactive birth charts, celestial map explorer, and cosmic readings.",,1,57,0,REBUILD_PROGRAMMATIC_IF_UNIQUE,"Programmatic family; retain only with unique intent, deterministic factual data, useful copy, and non-duplicative internal links."
/compatibility/gemini-and-leo,/compatibility,200,404,https://cosmicspiritguide.com/compatibility/gemini-and-leo,https://csg-next.onrender.com/compatibility/gemini-and-leo,Gemini and Leo Compatibility | Love Match Guide,"Gemini (Air) and Leo (Fire) compatibility: Excellent match at 88%. Strengths, challenges, and advice for this zodiac pairing.",https://cosmicspiritguide.com/compatibility/gemini-and-leo,2,255,2,404: This page could not be found.,"Interactive birth charts, celestial map explorer, and cosmic readings.",,1,57,0,REBUILD_PROGRAMMATIC_IF_UNIQUE,"Programmatic family; retain only with unique intent, deterministic factual data, useful copy, and non-duplicative internal links."
/compatibility/gemini-and-libra,/compatibility,200,404,https://cosmicspiritguide.com/compatibility/gemini-and-libra,https://csg-next.onrender.com/compatibility/gemini-and-libra,Gemini and Libra Compatibility | Love Match Guide,"Gemini (Air) and Libra (Air) compatibility: Strong match at 78%. Strengths, challenges, and advice for this zodiac pairing.",https://cosmicspiritguide.com/compatibility/gemini-and-libra,2,258,2,404: This page could not be found.,"Interactive birth charts, celestial map explorer, and cosmic readings.",,1,57,0,REBUILD_PROGRAMMATIC_IF_UNIQUE,"Programmatic family; retain only with unique intent, deterministic factual data, useful copy, and non-duplicative internal links."
/compatibility/gemini-and-pisces,/compatibility,200,404,https://cosmicspiritguide.com/compatibility/gemini-and-pisces,https://csg-next.onrender.com/compatibility/gemini-and-pisces,Gemini and Pisces Compatibility | Love Match Guide,"Gemini (Air) and Pisces (Water) compatibility: Strong match at 70%. Strengths, challenges, and advice for this zodiac pairing.",https://cosmicspiritguide.com/compatibility/gemini-and-pisces,2,251,2,404: This page could not be found.,"Interactive birth charts, celestial map explorer, and cosmic readings.",,1,57,0,REBUILD_PROGRAMMATIC_IF_UNIQUE,"Programmatic family; retain only with unique intent, deterministic factual data, useful copy, and non-duplicative internal links."
/compatibility/gemini-and-sagittarius,/compatibility,200,404,https://cosmicspiritguide.com/compatibility/gemini-and-sagittarius,https://csg-next.onrender.com/compatibility/gemini-and-sagittarius,Gemini and Sagittarius Compatibility | Love Match Guide,"Gemini (Air) and Sagittarius (Fire) compatibility: Excellent match at 93%. Strengths, challenges, and advice for this zodiac pairing.",https://cosmicspiritguide.com/compatibility/gemini-and-sagittarius,2,262,2,404: This page could not be found.,"Interactive birth charts, celestial map explorer, and cosmic readings.",,1,57,0,REBUILD_PROGRAMMATIC_IF_UNIQUE,"Programmatic family; retain only with unique intent, deterministic factual data, useful copy, and non-duplicative internal links."
/compatibility/gemini-and-scorpio,/compatibility,200,404,https://cosmicspiritguide.com/compatibility/gemini-and-scorpio,https://csg-next.onrender.com/compatibility/gemini-and-scorpio,Gemini and Scorpio Compatibility | Love Match Guide,"Gemini (Air) and Scorpio (Water) compatibility: Good match at 65%. Strengths, challenges, and advice for this zodiac pairing.",https://cosmicspiritguide.com/compatibility/gemini-and-scorpio,2,242,2,404: This page could not be found.,"Interactive birth charts, celestial map explorer, and cosmic readings.",,1,57,0,REBUILD_PROGRAMMATIC_IF_UNIQUE,"Programmatic family; retain only with unique intent, deterministic factual data, useful copy, and non-duplicative internal links."
/compatibility/gemini-and-taurus,/compatibility,200,404,https://cosmicspiritguide.com/compatibility/gemini-and-taurus,https://csg-next.onrender.com/compatibility/gemini-and-taurus,Gemini and Taurus Compatibility | Love Match Guide,"Gemini (Air) and Taurus (Earth) compatibility: Challenging match at 48%. Strengths, challenges, and advice for this zodiac pairing.",https://cosmicspiritguide.com/compatibility/gemini-and-taurus,2,244,2,404: This page could not be found.,"Interactive birth charts, celestial map explorer, and cosmic readings.",,1,57,0,REBUILD_PROGRAMMATIC_IF_UNIQUE,"Programmatic family; retain only with unique intent, deterministic factual data, useful copy, and non-duplicative internal links."
/compatibility/gemini-and-virgo,/compatibility,200,404,https://cosmicspiritguide.com/compatibility/gemini-and-virgo,https://csg-next.onrender.com/compatibility/gemini-and-virgo,Gemini and Virgo Compatibility | Love Match Guide,"Gemini (Air) and Virgo (Earth) compatibility: Challenging match at 48%. Strengths, challenges, and advice for this zodiac pairing.",https://cosmicspiritguide.com/compatibility/gemini-and-virgo,2,250,2,404: This page could not be found.,"Interactive birth charts, celestial map explorer, and cosmic readings.",,1,57,0,REBUILD_PROGRAMMATIC_IF_UNIQUE,"Programmatic family; retain only with unique intent, deterministic factual data, useful copy, and non-duplicative internal links."
/compatibility/leo-and-libra,/compatibility,200,404,https://cosmicspiritguide.com/compatibility/leo-and-libra,https://csg-next.onrender.com/compatibility/leo-and-libra,Leo and Libra Compatibility | Love Match Guide,"Leo (Fire) and Libra (Air) compatibility: Excellent match at 88%. Strengths, challenges, and advice for this zodiac pairing.",https://cosmicspiritguide.com/compatibility/leo-and-libra,2,255,2,404: This page could not be found.,"Interactive birth charts, celestial map explorer, and cosmic readings.",,1,57,0,REBUILD_PROGRAMMATIC_IF_UNIQUE,"Programmatic family; retain only with unique intent, deterministic factual data, useful copy, and non-duplicative internal links."
/compatibility/leo-and-pisces,/compatibility,200,404,https://cosmicspiritguide.com/compatibility/leo-and-pisces,https://csg-next.onrender.com/compatibility/leo-and-pisces,Leo and Pisces Compatibility | Love Match Guide,"Leo (Fire) and Pisces (Water) compatibility: Challenging match at 48%. Strengths, challenges, and advice for this zodiac pairing.",https://cosmicspiritguide.com/compatibility/leo-and-pisces,2,243,2,404: This page could not be found.,"Interactive birth charts, celestial map explorer, and cosmic readings.",,1,57,0,REBUILD_PROGRAMMATIC_IF_UNIQUE,"Programmatic family; retain only with unique intent, deterministic factual data, useful copy, and non-duplicative internal links."
/compatibility/leo-and-sagittarius,/compatibility,200,404,https://cosmicspiritguide.com/compatibility/leo-and-sagittarius,https://csg-next.onrender.com/compatibility/leo-and-sagittarius,Leo and Sagittarius Compatibility | Love Match Guide,"Leo (Fire) and Sagittarius (Fire) compatibility: Strong match at 78%. Strengths, challenges, and advice for this zodiac pairing.",https://cosmicspiritguide.com/compatibility/leo-and-sagittarius,2,255,2,404: This page could not be found.,"Interactive birth charts, celestial map explorer, and cosmic readings.",,1,57,0,REBUILD_PROGRAMMATIC_IF_UNIQUE,"Programmatic family; retain only with unique intent, deterministic factual data, useful copy, and non-duplicative internal links."
/compatibility/leo-and-scorpio,/compatibility,200,404,https://cosmicspiritguide.com/compatibility/leo-and-scorpio,https://csg-next.onrender.com/compatibility/leo-and-scorpio,Leo and Scorpio Compatibility | Love Match Guide,"Leo (Fire) and Scorpio (Water) compatibility: Challenging match at 48%. Strengths, challenges, and advice for this zodiac pairing.",https://cosmicspiritguide.com/compatibility/leo-and-scorpio,2,250,2,404: This page could not be found.,"Interactive birth charts, celestial map explorer, and cosmic readings.",,1,57,0,REBUILD_PROGRAMMATIC_IF_UNIQUE,"Programmatic family; retain only with unique intent, deterministic factual data, useful copy, and non-duplicative internal links."
/compatibility/leo-and-taurus,/compatibility,200,404,https://cosmicspiritguide.com/compatibility/leo-and-taurus,https://csg-next.onrender.com/compatibility/leo-and-taurus,Leo and Taurus Compatibility | Love Match Guide,"Leo (Fire) and Taurus (Earth) compatibility: Strong match at 70%. Strengths, challenges, and advice for this zodiac pairing.",https://cosmicspiritguide.com/compatibility/leo-and-taurus,2,252,2,404: This page could not be found.,"Interactive birth charts, celestial map explorer, and cosmic readings.",,1,57,0,REBUILD_PROGRAMMATIC_IF_UNIQUE,"Programmatic family; retain only with unique intent, deterministic factual data, useful copy, and non-duplicative internal links."
/compatibility/leo-and-virgo,/compatibility,200,404,https://cosmicspiritguide.com/compatibility/leo-and-virgo,https://csg-next.onrender.com/compatibility/leo-and-virgo,Leo and Virgo Compatibility | Love Match Guide,"Leo (Fire) and Virgo (Earth) compatibility: Good match at 65%. Strengths, challenges, and advice for this zodiac pairing.",https://cosmicspiritguide.com/compatibility/leo-and-virgo,2,242,2,404: This page could not be found.,"Interactive birth charts, celestial map explorer, and cosmic readings.",,1,57,0,REBUILD_PROGRAMMATIC_IF_UNIQUE,"Programmatic family; retain only with unique intent, deterministic factual data, useful copy, and non-duplicative internal links."
/compatibility/libra-and-pisces,/compatibility,200,404,https://cosmicspiritguide.com/compatibility/libra-and-pisces,https://csg-next.onrender.com/compatibility/libra-and-pisces,Libra and Pisces Compatibility | Love Match Guide,"Libra (Air) and Pisces (Water) compatibility: Good match at 65%. Strengths, challenges, and advice for this zodiac pairing.",https://cosmicspiritguide.com/compatibility/libra-and-pisces,2,243,2,404: This page could not be found.,"Interactive birth charts, celestial map explorer, and cosmic readings.",,1,57,0,REBUILD_PROGRAMMATIC_IF_UNIQUE,"Programmatic family; retain only with unique intent, deterministic factual data, useful copy, and non-duplicative internal links."
/compatibility/libra-and-sagittarius,/compatibility,200,404,https://cosmicspiritguide.com/compatibility/libra-and-sagittarius,https://csg-next.onrender.com/compatibility/libra-and-sagittarius,Libra and Sagittarius Compatibility | Love Match Guide,"Libra (Air) and Sagittarius (Fire) compatibility: Excellent match at 88%. Strengths, challenges, and advice for this zodiac pairing.",https://cosmicspiritguide.com/compatibility/libra-and-sagittarius,2,255,2,404: This page could not be found.,"Interactive birth charts, celestial map explorer, and cosmic readings.",,1,57,0,REBUILD_PROGRAMMATIC_IF_UNIQUE,"Programmatic family; retain only with unique intent, deterministic factual data, useful copy, and non-duplicative internal links."
/compatibility/libra-and-scorpio,/compatibility,200,404,https://cosmicspiritguide.com/compatibility/libra-and-scorpio,https://csg-next.onrender.com/compatibility/libra-and-scorpio,Libra and Scorpio Compatibility | Love Match Guide,"Libra (Air) and Scorpio (Water) compatibility: Good match at 65%. Strengths, challenges, and advice for this zodiac pairing.",https://cosmicspiritguide.com/compatibility/libra-and-scorpio,2,242,2,404: This page could not be found.,"Interactive birth charts, celestial map explorer, and cosmic readings.",,1,57,0,REBUILD_PROGRAMMATIC_IF_UNIQUE,"Programmatic family; retain only with unique intent, deterministic factual data, useful copy, and non-duplicative internal links."
/compatibility/libra-and-taurus,/compatibility,200,404,https://cosmicspiritguide.com/compatibility/libra-and-taurus,https://csg-next.onrender.com/compatibility/libra-and-taurus,Libra and Taurus Compatibility | Love Match Guide,"Libra (Air) and Taurus (Earth) compatibility: Challenging match at 48%. Strengths, challenges, and advice for this zodiac pairing.",https://cosmicspiritguide.com/compatibility/libra-and-taurus,2,244,2,404: This page could not be found.,"Interactive birth charts, celestial map explorer, and cosmic readings.",,1,57,0,REBUILD_PROGRAMMATIC_IF_UNIQUE,"Programmatic family; retain only with unique intent, deterministic factual data, useful copy, and non-duplicative internal links."
/compatibility/libra-and-virgo,/compatibility,200,404,https://cosmicspiritguide.com/compatibility/libra-and-virgo,https://csg-next.onrender.com/compatibility/libra-and-virgo,Libra and Virgo Compatibility | Love Match Guide,"Libra (Air) and Virgo (Earth) compatibility: Challenging match at 48%. Strengths, challenges, and advice for this zodiac pairing.",https://cosmicspiritguide.com/compatibility/libra-and-virgo,2,242,2,404: This page could not be found.,"Interactive birth charts, celestial map explorer, and cosmic readings.",,1,57,0,REBUILD_PROGRAMMATIC_IF_UNIQUE,"Programmatic family; retain only with unique intent, deterministic factual data, useful copy, and non-duplicative internal links."
/compatibility/pisces-and-sagittarius,/compatibility,200,404,https://cosmicspiritguide.com/compatibility/pisces-and-sagittarius,https://csg-next.onrender.com/compatibility/pisces-and-sagittarius,Pisces and Sagittarius Compatibility | Love Match Guide,"Pisces (Water) and Sagittarius (Fire) compatibility: Challenging match at 48%. Strengths, challenges, and advice for this zodiac pairing.",https://cosmicspiritguide.com/compatibility/pisces-and-sagittarius,2,250,2,404: This page could not be found.,"Interactive birth charts, celestial map explorer, and cosmic readings.",,1,57,0,REBUILD_PROGRAMMATIC_IF_UNIQUE,"Programmatic family; retain only with unique intent, deterministic factual data, useful copy, and non-duplicative internal links."
/compatibility/pisces-and-scorpio,/compatibility,200,404,https://cosmicspiritguide.com/compatibility/pisces-and-scorpio,https://csg-next.onrender.com/compatibility/pisces-and-scorpio,Pisces and Scorpio Compatibility | Love Match Guide,"Pisces (Water) and Scorpio (Water) compatibility: Strong match at 78%. Strengths, challenges, and advice for this zodiac pairing.",https://cosmicspiritguide.com/compatibility/pisces-and-scorpio,2,254,2,404: This page could not be found.,"Interactive birth charts, celestial map explorer, and cosmic readings.",,1,57,0,REBUILD_PROGRAMMATIC_IF_UNIQUE,"Programmatic family; retain only with unique intent, deterministic factual data, useful copy, and non-duplicative internal links."
/compatibility/pisces-and-taurus,/compatibility,200,404,https://cosmicspiritguide.com/compatibility/pisces-and-taurus,https://csg-next.onrender.com/compatibility/pisces-and-taurus,Pisces and Taurus Compatibility | Love Match Guide,"Pisces (Water) and Taurus (Earth) compatibility: Excellent match at 88%. Strengths, challenges, and advice for this zodiac pairing.",https://cosmicspiritguide.com/compatibility/pisces-and-taurus,2,255,2,404: This page could not be found.,"Interactive birth charts, celestial map explorer, and cosmic readings.",,1,57,0,REBUILD_PROGRAMMATIC_IF_UNIQUE,"Programmatic family; retain only with unique intent, deterministic factual data, useful copy, and non-duplicative internal links."
/compatibility/pisces-and-virgo,/compatibility,200,404,https://cosmicspiritguide.com/compatibility/pisces-and-virgo,https://csg-next.onrender.com/compatibility/pisces-and-virgo,Pisces and Virgo Compatibility | Love Match Guide,"Pisces (Water) and Virgo (Earth) compatibility: Excellent match at 93%. Strengths, challenges, and advice for this zodiac pairing.",https://cosmicspiritguide.com/compatibility/pisces-and-virgo,2,261,2,404: This page could not be found.,"Interactive birth charts, celestial map explorer, and cosmic readings.",,1,57,0,REBUILD_PROGRAMMATIC_IF_UNIQUE,"Programmatic family; retain only with unique intent, deterministic factual data, useful copy, and non-duplicative internal links."
/compatibility/sagittarius-and-scorpio,/compatibility,200,404,https://cosmicspiritguide.com/compatibility/sagittarius-and-scorpio,https://csg-next.onrender.com/compatibility/sagittarius-and-scorpio,Sagittarius and Scorpio Compatibility | Love Match Guide,"Sagittarius (Fire) and Scorpio (Water) compatibility: Challenging match at 48%. Strengths, challenges, and advice for this zodiac pairing.",https://cosmicspiritguide.com/compatibility/sagittarius-and-scorpio,2,241,2,404: This page could not be found.,"Interactive birth charts, celestial map explorer, and cosmic readings.",,1,57,0,REBUILD_PROGRAMMATIC_IF_UNIQUE,"Programmatic family; retain only with unique intent, deterministic factual data, useful copy, and non-duplicative internal links."
/compatibility/sagittarius-and-taurus,/compatibility,200,404,https://cosmicspiritguide.com/compatibility/sagittarius-and-taurus,https://csg-next.onrender.com/compatibility/sagittarius-and-taurus,Sagittarius and Taurus Compatibility | Love Match Guide,"Sagittarius (Fire) and Taurus (Earth) compatibility: Good match at 65%. Strengths, challenges, and advice for this zodiac pairing.",https://cosmicspiritguide.com/compatibility/sagittarius-and-taurus,2,243,2,404: This page could not be found.,"Interactive birth charts, celestial map explorer, and cosmic readings.",,1,57,0,REBUILD_PROGRAMMATIC_IF_UNIQUE,"Programmatic family; retain only with unique intent, deterministic factual data, useful copy, and non-duplicative internal links."
/compatibility/sagittarius-and-virgo,/compatibility,200,404,https://cosmicspiritguide.com/compatibility/sagittarius-and-virgo,https://csg-next.onrender.com/compatibility/sagittarius-and-virgo,Sagittarius and Virgo Compatibility | Love Match Guide,"Sagittarius (Fire) and Virgo (Earth) compatibility: Strong match at 70%. Strengths, challenges, and advice for this zodiac pairing.",https://cosmicspiritguide.com/compatibility/sagittarius-and-virgo,2,249,2,404: This page could not be found.,"Interactive birth charts, celestial map explorer, and cosmic readings.",,1,57,0,REBUILD_PROGRAMMATIC_IF_UNIQUE,"Programmatic family; retain only with unique intent, deterministic factual data, useful copy, and non-duplicative internal links."
/compatibility/scorpio-and-taurus,/compatibility,200,404,https://cosmicspiritguide.com/compatibility/scorpio-and-taurus,https://csg-next.onrender.com/compatibility/scorpio-and-taurus,Scorpio and Taurus Compatibility | Love Match Guide,"Scorpio (Water) and Taurus (Earth) compatibility: Excellent match at 93%. Strengths, challenges, and advice for this zodiac pairing.",https://cosmicspiritguide.com/compatibility/scorpio-and-taurus,2,262,2,404: This page could not be found.,"Interactive birth charts, celestial map explorer, and cosmic readings.",,1,57,0,REBUILD_PROGRAMMATIC_IF_UNIQUE,"Programmatic family; retain only with unique intent, deterministic factual data, useful copy, and non-duplicative internal links."
/compatibility/scorpio-and-virgo,/compatibility,200,404,https://cosmicspiritguide.com/compatibility/scorpio-and-virgo,https://csg-next.onrender.com/compatibility/scorpio-and-virgo,Scorpio and Virgo Compatibility | Love Match Guide,"Scorpio (Water) and Virgo (Earth) compatibility: Excellent match at 88%. Strengths, challenges, and advice for this zodiac pairing.",https://cosmicspiritguide.com/compatibility/scorpio-and-virgo,2,252,2,404: This page could not be found.,"Interactive birth charts, celestial map explorer, and cosmic readings.",,1,57,0,REBUILD_PROGRAMMATIC_IF_UNIQUE,"Programmatic family; retain only with unique intent, deterministic factual data, useful copy, and non-duplicative internal links."
/compatibility/taurus-and-virgo,/compatibility,200,404,https://cosmicspiritguide.com/compatibility/taurus-and-virgo,https://csg-next.onrender.com/compatibility/taurus-and-virgo,Taurus and Virgo Compatibility | Love Match Guide,"Taurus (Earth) and Virgo (Earth) compatibility: Strong match at 78%. Strengths, challenges, and advice for this zodiac pairing.",https://cosmicspiritguide.com/compatibility/taurus-and-virgo,2,255,2,404: This page could not be found.,"Interactive birth charts, celestial map explorer, and cosmic readings.",,1,57,0,REBUILD_PROGRAMMATIC_IF_UNIQUE,"Programmatic family; retain only with unique intent, deterministic factual data, useful copy, and non-duplicative internal links."
/constellations,/constellations,404,200,https://cosmicspiritguide.com/constellations,https://csg-next.onrender.com/constellations,Free Tarot Reading & Birth Chart Calculator | Cosmic Spirit Guide,"Get your free daily tarot reading and personalized birth chart. AI-powered astrology insights, compatibility tests, and spiritual guidance. No signup required for your first reading.",https://cosmicspiritguide.com,2,62,2,COSMIC SPIRIT GUIDE | Cosmic Astrology & Celestial Guidance,"Interactive birth charts, celestial map explorer, and cosmic readings.",,0,90,0,KEEP_SYNCED_OR_REVIEW_DUPLICATE,Route already resolves on new build; compare content and metadata before deciding canonical version.
/contact,/contact,200,404,https://cosmicspiritguide.com/contact,https://csg-next.onrender.com/contact,Contact Cosmic Spirit Guide | Tarot & Astrology Support,"Contact us for questions about free tarot readings, birth charts, compatibility tests or your account. We're here to help with your spiritual journey.",https://cosmicspiritguide.com,2,87,2,404: This page could not be found.,"Interactive birth charts, celestial map explorer, and cosmic readings.",,1,57,0,REBUILD_REQUIRED,Trust/legal/entity page required for launch; rewrite/update rather than copy stale text.
/credits,/credits,200,404,https://cosmicspiritguide.com/credits,https://csg-next.onrender.com/credits,Buy Tarot Reading Credits | Cosmic Spirit Guide,"Purchase credits for premium tarot readings, birth charts, and astrology reports. Affordable packages for deep spiritual insights.",https://cosmicspiritguide.com,2,88,2,404: This page could not be found.,"Interactive birth charts, celestial map explorer, and cosmic readings.",,1,57,0,REVIEW_MERGE_REDIRECT,"No automatic migration; establish user/search purpose and choose keep, merge, redirect, or intentional 410."
/dashboard,/dashboard,200,404,https://cosmicspiritguide.com/login?redirect=dashboard&message=save-readings,https://csg-next.onrender.com/dashboard,Login to Cosmic Spirit Guide | Free Tarot & Astrology,"Sign in to access your free tarot readings, birth chart, and saved spiritual insights. New? Create an account for instant access.",https://cosmicspiritguide.com,1,39,2,404: This page could not be found.,"Interactive birth charts, celestial map explorer, and cosmic readings.",,1,57,0,REVIEW_MERGE_REDIRECT,"No automatic migration; establish user/search purpose and choose keep, merge, redirect, or intentional 410."
/energy,/energy,404,404,https://cosmicspiritguide.com/energy,https://csg-next.onrender.com/energy,Free Tarot Reading & Birth Chart Calculator | Cosmic Spirit Guide,"Get your free daily tarot reading and personalized birth chart. AI-powered astrology insights, compatibility tests, and spiritual guidance. No signup required for your first reading.",https://cosmicspiritguide.com,2,62,2,404: This page could not be found.,"Interactive birth charts, celestial map explorer, and cosmic readings.",,1,57,0,RETIRE_OR_INVESTIGATE,Legacy route is not healthy; do not migrate without evidence of demand or links.
/forecasts,/forecasts,200,404,https://cosmicspiritguide.com/forecasts,https://csg-next.onrender.com/forecasts,Free Daily Astrology Forecast & Horoscope | Cosmic Spirit Guide,"Get your free daily astrology forecast & horoscope. Personalized zodiac predictions, planetary transits & what the stars say about your day ahead.",https://cosmicspiritguide.com/forecasts,2,79,2,404: This page could not be found.,"Interactive birth charts, celestial map explorer, and cosmic readings.",,1,57,0,REVIEW_MERGE_REDIRECT,"No automatic migration; establish user/search purpose and choose keep, merge, redirect, or intentional 410."
/horoscope,/horoscope,200,404,https://cosmicspiritguide.com/horoscope,https://csg-next.onrender.com/horoscope,Free Daily Horoscope | Zodiac Sign Predictions | Cosmic Spirit Guide,"Get your free daily horoscope for all 12 zodiac signs. Personalized astrology predictions for love, career, wellness & more. Updated every day with AI-powered insights.",https://cosmicspiritguide.com,1,40,2,404: This page could not be found.,"Interactive birth charts, celestial map explorer, and cosmic readings.",,1,57,0,REBUILD_PROGRAMMATIC_IF_UNIQUE,"Programmatic family; retain only with unique intent, deterministic factual data, useful copy, and non-duplicative internal links."
/horoscope/aquarius,/horoscope,200,404,https://cosmicspiritguide.com/horoscope/aquarius,https://csg-next.onrender.com/horoscope/aquarius,Free Daily Horoscope | Zodiac Sign Predictions | Cosmic Spirit Guide,"Get your free daily horoscope for all 12 zodiac signs. Personalized astrology predictions for love, career, wellness & more. Updated every day with AI-powered insights.",https://cosmicspiritguide.com,2,68,2,404: This page could not be found.,"Interactive birth charts, celestial map explorer, and cosmic readings.",,1,57,0,REBUILD_PROGRAMMATIC_IF_UNIQUE,"Programmatic family; retain only with unique intent, deterministic factual data, useful copy, and non-duplicative internal links."
/horoscope/aries,/horoscope,200,404,https://cosmicspiritguide.com/horoscope/aries,https://csg-next.onrender.com/horoscope/aries,Free Daily Horoscope | Zodiac Sign Predictions | Cosmic Spirit Guide,"Get your free daily horoscope for all 12 zodiac signs. Personalized astrology predictions for love, career, wellness & more. Updated every day with AI-powered insights.",https://cosmicspiritguide.com,2,68,2,404: This page could not be found.,"Interactive birth charts, celestial map explorer, and cosmic readings.",,1,57,0,REBUILD_PROGRAMMATIC_IF_UNIQUE,"Programmatic family; retain only with unique intent, deterministic factual data, useful copy, and non-duplicative internal links."
/horoscope/cancer,/horoscope,200,404,https://cosmicspiritguide.com/horoscope/cancer,https://csg-next.onrender.com/horoscope/cancer,Free Daily Horoscope | Zodiac Sign Predictions | Cosmic Spirit Guide,"Get your free daily horoscope for all 12 zodiac signs. Personalized astrology predictions for love, career, wellness & more. Updated every day with AI-powered insights.",https://cosmicspiritguide.com,2,68,2,404: This page could not be found.,"Interactive birth charts, celestial map explorer, and cosmic readings.",,1,57,0,REBUILD_PROGRAMMATIC_IF_UNIQUE,"Programmatic family; retain only with unique intent, deterministic factual data, useful copy, and non-duplicative internal links."
/horoscope/capricorn,/horoscope,200,404,https://cosmicspiritguide.com/horoscope/capricorn,https://csg-next.onrender.com/horoscope/capricorn,Free Daily Horoscope | Zodiac Sign Predictions | Cosmic Spirit Guide,"Get your free daily horoscope for all 12 zodiac signs. Personalized astrology predictions for love, career, wellness & more. Updated every day with AI-powered insights.",https://cosmicspiritguide.com,2,68,2,404: This page could not be found.,"Interactive birth charts, celestial map explorer, and cosmic readings.",,1,57,0,REBUILD_PROGRAMMATIC_IF_UNIQUE,"Programmatic family; retain only with unique intent, deterministic factual data, useful copy, and non-duplicative internal links."
/horoscope/gemini,/horoscope,200,404,https://cosmicspiritguide.com/horoscope/gemini,https://csg-next.onrender.com/horoscope/gemini,Free Daily Horoscope | Zodiac Sign Predictions | Cosmic Spirit Guide,"Get your free daily horoscope for all 12 zodiac signs. Personalized astrology predictions for love, career, wellness & more. Updated every day with AI-powered insights.",https://cosmicspiritguide.com,2,68,2,404: This page could not be found.,"Interactive birth charts, celestial map explorer, and cosmic readings.",,1,57,0,REBUILD_PROGRAMMATIC_IF_UNIQUE,"Programmatic family; retain only with unique intent, deterministic factual data, useful copy, and non-duplicative internal links."
/horoscope/leo,/horoscope,200,404,https://cosmicspiritguide.com/horoscope/leo,https://csg-next.onrender.com/horoscope/leo,Free Daily Horoscope | Zodiac Sign Predictions | Cosmic Spirit Guide,"Get your free daily horoscope for all 12 zodiac signs. Personalized astrology predictions for love, career, wellness & more. Updated every day with AI-powered insights.",https://cosmicspiritguide.com,2,68,2,404: This page could not be found.,"Interactive birth charts, celestial map explorer, and cosmic readings.",,1,57,0,REBUILD_PROGRAMMATIC_IF_UNIQUE,"Programmatic family; retain only with unique intent, deterministic factual data, useful copy, and non-duplicative internal links."
/horoscope/libra,/horoscope,200,404,https://cosmicspiritguide.com/horoscope/libra,https://csg-next.onrender.com/horoscope/libra,Free Daily Horoscope | Zodiac Sign Predictions | Cosmic Spirit Guide,"Get your free daily horoscope for all 12 zodiac signs. Personalized astrology predictions for love, career, wellness & more. Updated every day with AI-powered insights.",https://cosmicspiritguide.com,2,68,2,404: This page could not be found.,"Interactive birth charts, celestial map explorer, and cosmic readings.",,1,57,0,REBUILD_PROGRAMMATIC_IF_UNIQUE,"Programmatic family; retain only with unique intent, deterministic factual data, useful copy, and non-duplicative internal links."
/horoscope/pisces,/horoscope,200,404,https://cosmicspiritguide.com/horoscope/pisces,https://csg-next.onrender.com/horoscope/pisces,Free Daily Horoscope | Zodiac Sign Predictions | Cosmic Spirit Guide,"Get your free daily horoscope for all 12 zodiac signs. Personalized astrology predictions for love, career, wellness & more. Updated every day with AI-powered insights.",https://cosmicspiritguide.com,2,68,2,404: This page could not be found.,"Interactive birth charts, celestial map explorer, and cosmic readings.",,1,57,0,REBUILD_PROGRAMMATIC_IF_UNIQUE,"Programmatic family; retain only with unique intent, deterministic factual data, useful copy, and non-duplicative internal links."
/horoscope/sagittarius,/horoscope,200,404,https://cosmicspiritguide.com/horoscope/sagittarius,https://csg-next.onrender.com/horoscope/sagittarius,Free Daily Horoscope | Zodiac Sign Predictions | Cosmic Spirit Guide,"Get your free daily horoscope for all 12 zodiac signs. Personalized astrology predictions for love, career, wellness & more. Updated every day with AI-powered insights.",https://cosmicspiritguide.com,2,68,2,404: This page could not be found.,"Interactive birth charts, celestial map explorer, and cosmic readings.",,1,57,0,REBUILD_PROGRAMMATIC_IF_UNIQUE,"Programmatic family; retain only with unique intent, deterministic factual data, useful copy, and non-duplicative internal links."
/horoscope/scorpio,/horoscope,200,404,https://cosmicspiritguide.com/horoscope/scorpio,https://csg-next.onrender.com/horoscope/scorpio,Free Daily Horoscope | Zodiac Sign Predictions | Cosmic Spirit Guide,"Get your free daily horoscope for all 12 zodiac signs. Personalized astrology predictions for love, career, wellness & more. Updated every day with AI-powered insights.",https://cosmicspiritguide.com,2,68,2,404: This page could not be found.,"Interactive birth charts, celestial map explorer, and cosmic readings.",,1,57,0,REBUILD_PROGRAMMATIC_IF_UNIQUE,"Programmatic family; retain only with unique intent, deterministic factual data, useful copy, and non-duplicative internal links."
/horoscope/taurus,/horoscope,200,404,https://cosmicspiritguide.com/horoscope/taurus,https://csg-next.onrender.com/horoscope/taurus,Free Daily Horoscope | Zodiac Sign Predictions | Cosmic Spirit Guide,"Get your free daily horoscope for all 12 zodiac signs. Personalized astrology predictions for love, career, wellness & more. Updated every day with AI-powered insights.",https://cosmicspiritguide.com,2,68,2,404: This page could not be found.,"Interactive birth charts, celestial map explorer, and cosmic readings.",,1,57,0,REBUILD_PROGRAMMATIC_IF_UNIQUE,"Programmatic family; retain only with unique intent, deterministic factual data, useful copy, and non-duplicative internal links."
/horoscope/virgo,/horoscope,200,404,https://cosmicspiritguide.com/horoscope/virgo,https://csg-next.onrender.com/horoscope/virgo,Free Daily Horoscope | Zodiac Sign Predictions | Cosmic Spirit Guide,"Get your free daily horoscope for all 12 zodiac signs. Personalized astrology predictions for love, career, wellness & more. Updated every day with AI-powered insights.",https://cosmicspiritguide.com,2,68,2,404: This page could not be found.,"Interactive birth charts, celestial map explorer, and cosmic readings.",,1,57,0,REBUILD_PROGRAMMATIC_IF_UNIQUE,"Programmatic family; retain only with unique intent, deterministic factual data, useful copy, and non-duplicative internal links."
/journal,/journal,200,404,https://cosmicspiritguide.com/journal,https://csg-next.onrender.com/journal,Spiritual Journal: Track Tarot Readings & Astrology | Cosmic Spirit Guide,"Keep a spiritual journal of your tarot readings, astrology insights & cosmic observations. Track patterns, growth & your personal spiritual journey.",https://cosmicspiritguide.com,1,42,2,404: This page could not be found.,"Interactive birth charts, celestial map explorer, and cosmic readings.",,1,57,0,REVIEW_MERGE_REDIRECT,"No automatic migration; establish user/search purpose and choose keep, merge, redirect, or intentional 410."
/login,/login,200,200,https://cosmicspiritguide.com/login,https://csg-next.onrender.com/login,Login to Cosmic Spirit Guide | Free Tarot & Astrology,"Sign in to access your free tarot readings, birth chart, and saved spiritual insights. New? Create an account for instant access.",https://cosmicspiritguide.com,1,39,2,COSMIC SPIRIT GUIDE | Cosmic Astrology & Celestial Guidance,"Interactive birth charts, celestial map explorer, and cosmic readings.",,1,61,0,KEEP_SYNCED_OR_REVIEW_DUPLICATE,Route already resolves on new build; compare content and metadata before deciding canonical version.
/moon-phase,/moon-phase,200,404,https://cosmicspiritguide.com/moon-phase,https://csg-next.onrender.com/moon-phase,Free Tarot Reading & Birth Chart Calculator | Cosmic Spirit Guide,"Get your free daily tarot reading and personalized birth chart. AI-powered astrology insights, compatibility tests, and spiritual guidance. No signup required for your first reading.",https://cosmicspiritguide.com,1,39,2,404: This page could not be found.,"Interactive birth charts, celestial map explorer, and cosmic readings.",,1,57,0,REVIEW_MERGE_REDIRECT,"No automatic migration; establish user/search purpose and choose keep, merge, redirect, or intentional 410."
/moon-reading,/moon-reading,200,404,https://cosmicspiritguide.com/moon-reading,https://csg-next.onrender.com/moon-reading,Moon Phase Calculator & Today's Lunar Reading | Cosmic Spirit Guide,"Check today's moon phase with our free calculator. Get personalized lunar readings, moon sign meanings & spiritual guidance based on current moon energy.",https://cosmicspiritguide.com/moon-reading,2,291,2,404: This page could not be found.,"Interactive birth charts, celestial map explorer, and cosmic readings.",,1,57,0,REVIEW_MERGE_REDIRECT,"No automatic migration; establish user/search purpose and choose keep, merge, redirect, or intentional 410."
/my-chart,/my-chart,200,200,https://cosmicspiritguide.com/my-chart,https://csg-next.onrender.com/my-chart,My Birth Chart & Saved Tarot Readings | Cosmic Spirit Guide,"View your personal birth chart, save tarot readings, track astrology transits & manage your spiritual profile. Access your cosmic insights anytime.",https://cosmicspiritguide.com,1,60,2,COSMIC SPIRIT GUIDE | Cosmic Astrology & Celestial Guidance,"Interactive birth charts, celestial map explorer, and cosmic readings.",,0,52,0,KEEP_SYNCED_OR_REVIEW_DUPLICATE,Route already resolves on new build; compare content and metadata before deciding canonical version.
/newsletter,/newsletter,200,404,https://cosmicspiritguide.com/newsletter,https://csg-next.onrender.com/newsletter,Astrology Newsletter & Daily Horoscope Email | Cosmic Spirit Guide,"Subscribe to our free astrology newsletter. Get daily horoscopes, moon phase updates, and tarot insights delivered to your inbox.",https://cosmicspiritguide.com,2,174,2,404: This page could not be found.,"Interactive birth charts, celestial map explorer, and cosmic readings.",,1,57,0,REVIEW_MERGE_REDIRECT,"No automatic migration; establish user/search purpose and choose keep, merge, redirect, or intentional 410."
/pricing,/pricing,200,404,https://cosmicspiritguide.com/pricing,https://csg-next.onrender.com/pricing,Tarot & Astrology Plans | Cosmic Spirit Guide,"Free daily tarot readings or premium access with 60 credits per month. Affordable astrology subscription plans with birth charts, compatibility tests & spiritual insights.",https://cosmicspiritguide.com,2,238,2,404: This page could not be found.,"Interactive birth charts, celestial map explorer, and cosmic readings.",,1,57,0,REVIEW_MERGE_REDIRECT,"No automatic migration; establish user/search purpose and choose keep, merge, redirect, or intentional 410."
/privacy,/privacy,200,404,https://cosmicspiritguide.com/privacy,https://csg-next.onrender.com/privacy,Privacy Policy | Cosmic Spirit Guide,Learn how Cosmic Spirit Guide protects your personal data and astrological information.,https://cosmicspiritguide.com,2,232,2,404: This page could not be found.,"Interactive birth charts, celestial map explorer, and cosmic readings.",,1,57,0,REBUILD_REQUIRED,Trust/legal/entity page required for launch; rewrite/update rather than copy stale text.
/profile,/profile,200,200,https://cosmicspiritguide.com/profile,https://csg-next.onrender.com/profile,My Profile & Account Settings | Cosmic Spirit Guide,"Manage your Cosmic Spirit Guide profile, birth chart data, subscription, and account preferences.",https://cosmicspiritguide.com,1,37,2,COSMIC SPIRIT GUIDE | Cosmic Astrology & Celestial Guidance,"Interactive birth charts, celestial map explorer, and cosmic readings.",,0,44,0,KEEP_SYNCED_OR_REVIEW_DUPLICATE,Route already resolves on new build; compare content and metadata before deciding canonical version.
/reports,/reports,404,200,https://cosmicspiritguide.com/reports,https://csg-next.onrender.com/reports,Free Tarot Reading & Birth Chart Calculator | Cosmic Spirit Guide,"Get your free daily tarot reading and personalized birth chart. AI-powered astrology insights, compatibility tests, and spiritual guidance. No signup required for your first reading.",https://cosmicspiritguide.com,2,62,2,COSMIC SPIRIT GUIDE | Cosmic Astrology & Celestial Guidance,"Interactive birth charts, celestial map explorer, and cosmic readings.",,1,634,0,KEEP_SYNCED_OR_REVIEW_DUPLICATE,Route already resolves on new build; compare content and metadata before deciding canonical version.
/reset-password,/reset-password,200,404,https://cosmicspiritguide.com/reset-password,https://csg-next.onrender.com/reset-password,Reset Your Password | Cosmic Spirit Guide,Securely reset your Cosmic Spirit Guide account password. Regain access to your tarot readings and birth chart.,https://cosmicspiritguide.com,2,39,2,404: This page could not be found.,"Interactive birth charts, celestial map explorer, and cosmic readings.",,1,57,0,REVIEW_MERGE_REDIRECT,"No automatic migration; establish user/search purpose and choose keep, merge, redirect, or intentional 410."
/services,/services,200,404,https://cosmicspiritguide.com/services,https://csg-next.onrender.com/services,Spiritual Services & Pricing | Cosmic Spirit Guide,"Explore tarot readings, birth charts, compatibility tests & astrology services. Free daily credits + premium subscriptions. Start your spiritual journey today.",https://cosmicspiritguide.com,2,492,2,404: This page could not be found.,"Interactive birth charts, celestial map explorer, and cosmic readings.",,1,57,0,REVIEW_MERGE_REDIRECT,"No automatic migration; establish user/search purpose and choose keep, merge, redirect, or intentional 410."
/subscription,/subscription,200,404,https://cosmicspiritguide.com/pricing,https://csg-next.onrender.com/subscription,Tarot & Astrology Plans | Cosmic Spirit Guide,"Free daily tarot readings or premium access with 60 credits per month. Affordable astrology subscription plans with birth charts, compatibility tests & spiritual insights.",https://cosmicspiritguide.com,2,238,2,404: This page could not be found.,"Interactive birth charts, celestial map explorer, and cosmic readings.",,1,57,0,REVIEW_MERGE_REDIRECT,"No automatic migration; establish user/search purpose and choose keep, merge, redirect, or intentional 410."
/tarot,/tarot,200,200,https://cosmicspiritguide.com/tarot,https://csg-next.onrender.com/tarot,"Free Online Tarot Card Reading | Love, Career & Daily Guidance | Cosmic Spirit Guide","Free online tarot card reading for love, career & daily guidance. 3-card spread, past-present-future & relationship readings. Instant AI-powered tarot interpretations.",https://cosmicspiritguide.com/tarot,2,244,2,Tarot — Cosmic Spirit Guide,"Interactive birth charts, celestial map explorer, and cosmic readings.",,1,135,0,KEEP_SYNCED_OR_REVIEW_DUPLICATE,Route already resolves on new build; compare content and metadata before deciding canonical version.
/tarot/ace-of-cups,/tarot,200,200,https://cosmicspiritguide.com/tarot/ace-of-cups,https://csg-next.onrender.com/tarot/ace-of-cups,Ace of Cups Tarot Card Meaning | Upright & Reversed Guide,"Ace of Cups tarot card meaning: upright — Love, new relationships, compassion, creativity. Reversed — Self-love, intuition, repressed emotions. Learn the full interpretation and get a free online tarot reading.",https://cosmicspiritguide.com/tarot/ace-of-cups,2,251,2,Ace of Cups — Tarot Card Meaning | Cosmic Spirit Guide,"Ace of Cups (cups). Upright: Love, new relationships, compassion, creativity. Reversed: Self-love, intuition, repressed emotions.",,1,66,0,KEEP_SYNCED_OR_REVIEW_DUPLICATE,Route already resolves on new build; compare content and metadata before deciding canonical version.
/tarot/ace-of-pentacles,/tarot,200,200,https://cosmicspiritguide.com/tarot/ace-of-pentacles,https://csg-next.onrender.com/tarot/ace-of-pentacles,Ace of Pentacles Tarot Card Meaning | Upright & Reversed Guide,"Ace of Pentacles tarot card meaning: upright — A new financial or career opportunity, manifestation, abundance. Reversed — Lost opportunity, lack of planning, poor financial decisions. Learn the full interpretation and get a free online tarot reading.",https://cosmicspiritguide.com/tarot/ace-of-pentacles,2,277,2,Ace of Pentacles — Tarot Card Meaning | Cosmic Spirit Guide,"Ace of Pentacles (pentacles). Upright: A new financial or career opportunity, manifestation, abundance. Reversed: Lost opportunity, lack of planning, poor financial decisions.",,1,73,0,KEEP_SYNCED_OR_REVIEW_DUPLICATE,Route already resolves on new build; compare content and metadata before deciding canonical version.
/tarot/ace-of-swords,/tarot,200,200,https://cosmicspiritguide.com/tarot/ace-of-swords,https://csg-next.onrender.com/tarot/ace-of-swords,Ace of Swords Tarot Card Meaning | Upright & Reversed Guide,"Ace of Swords tarot card meaning: upright — Breakthroughs, new ideas, mental clarity, success. Reversed — Inner clarity, re-thinking an idea, clouded judgement. Learn the full interpretation and get a free online tarot reading.",https://cosmicspiritguide.com/tarot/ace-of-swords,2,261,2,Ace of Swords — Tarot Card Meaning | Cosmic Spirit Guide,"Ace of Swords (swords). Upright: Breakthroughs, new ideas, mental clarity, success. Reversed: Inner clarity, re-thinking an idea, clouded judgement.",,1,70,0,KEEP_SYNCED_OR_REVIEW_DUPLICATE,Route already resolves on new build; compare content and metadata before deciding canonical version.
/tarot/ace-of-wands,/tarot,200,200,https://cosmicspiritguide.com/tarot/ace-of-wands,https://csg-next.onrender.com/tarot/ace-of-wands,Ace of Wands Tarot Card Meaning | Upright & Reversed Guide,"Ace of Wands tarot card meaning: upright — Inspiration, new opportunities, growth, potential. Reversed — An emerging idea, lack of direction, distractions, delays. Learn the full interpretation and get a free online tarot reading.",https://cosmicspiritguide.com/tarot/ace-of-wands,2,264,2,Ace of Wands — Tarot Card Meaning | Cosmic Spirit Guide,"Ace of Wands (wands). Upright: Inspiration, new opportunities, growth, potential. Reversed: An emerging idea, lack of direction, distractions, delays.",,1,70,0,KEEP_SYNCED_OR_REVIEW_DUPLICATE,Route already resolves on new build; compare content and metadata before deciding canonical version.
/tarot/death,/tarot,200,200,https://cosmicspiritguide.com/tarot/death,https://csg-next.onrender.com/tarot/death,Death Tarot Card Meaning | Upright & Reversed Guide,"Death tarot card meaning: upright — Endings, change, transformation, transition. Reversed — Resistance to change, personal transformation, inner purging. Learn the full interpretation and get a free online tarot reading.",https://cosmicspiritguide.com/tarot/death,2,253,2,Death — Tarot Card Meaning | Cosmic Spirit Guide,"Death (major). Upright: Endings, change, transformation, transition. Reversed: Resistance to change, personal transformation, inner purging.",,1,64,0,KEEP_SYNCED_OR_REVIEW_DUPLICATE,Route already resolves on new build; compare content and metadata before deciding canonical version.
/tarot/eight-of-cups,/tarot,200,200,https://cosmicspiritguide.com/tarot/eight-of-cups,https://csg-next.onrender.com/tarot/eight-of-cups,Eight of Cups Tarot Card Meaning | Upright & Reversed Guide,"Eight of Cups tarot card meaning: upright — Disappointment, abandonment, withdrawal, escapism. Reversed — Trying one more time, indecision, aimless drifting, walking away. Learn the full interpretation and get a free online tarot reading.",https://cosmicspiritguide.com/tarot/eight-of-cups,2,256,2,Eight of Cups — Tarot Card Meaning | Cosmic Spirit Guide,"Eight of Cups (cups). Upright: Disappointment, abandonment, withdrawal, escapism. Reversed: Trying one more time, indecision, aimless drifting, walking away.",,1,70,0,KEEP_SYNCED_OR_REVIEW_DUPLICATE,Route already resolves on new build; compare content and metadata before deciding canonical version.
/tarot/eight-of-pentacles,/tarot,200,200,https://cosmicspiritguide.com/tarot/eight-of-pentacles,https://csg-next.onrender.com/tarot/eight-of-pentacles,Eight of Pentacles Tarot Card Meaning | Upright & Reversed Guide,"Eight of Pentacles tarot card meaning: upright — Apprenticeship, repetitive tasks, mastery, skill development. Reversed — Self-development, perfectionism, misdirected activity. Learn the full interpretation and get a free online tarot reading.",https://cosmicspiritguide.com/tarot/eight-of-pentacles,2,252,2,Eight of Pentacles — Tarot Card Meaning | Cosmic Spirit Guide,"Eight of Pentacles (pentacles). Upright: Apprenticeship, repetitive tasks, mastery, skill development. Reversed: Self-development, perfectionism, misdirected activity.",,1,67,0,KEEP_SYNCED_OR_REVIEW_DUPLICATE,Route already resolves on new build; compare content and metadata before deciding canonical version.
/tarot/eight-of-swords,/tarot,200,200,https://cosmicspiritguide.com/tarot/eight-of-swords,https://csg-next.onrender.com/tarot/eight-of-swords,Eight of Swords Tarot Card Meaning | Upright & Reversed Guide,"Eight of Swords tarot card meaning: upright — Negative thoughts, self-imposed restriction, imprisonment, victim mentality. Reversed — Self-limiting beliefs, inner critic, releasing negative thoughts, open to new perspectives. Learn the full interpretation and get a free online tarot reading.",https://cosmicspiritguide.com/tarot/eight-of-swords,2,269,2,Eight of Swords — Tarot Card Meaning | Cosmic Spirit Guide,"Eight of Swords (swords). Upright: Negative thoughts, self-imposed restriction, imprisonment, victim mentality. Reversed: Self-limiting beliefs, inner critic, releasing negative thoughts, open to new perspectives.",,1,75,0,KEEP_SYNCED_OR_REVIEW_DUPLICATE,Route already resolves on new build; compare content and metadata before deciding canonical version.
/tarot/eight-of-wands,/tarot,200,200,https://cosmicspiritguide.com/tarot/eight-of-wands,https://csg-next.onrender.com/tarot/eight-of-wands,Eight of Wands Tarot Card Meaning | Upright & Reversed Guide,"Eight of Wands tarot card meaning: upright — Movement, fast paced change, action, alignment, air travel. Reversed — Delays, frustration, resisting change, internal alignment. Learn the full interpretation and get a free online tarot reading.",https://cosmicspiritguide.com/tarot/eight-of-wands,2,259,2,Eight of Wands — Tarot Card Meaning | Cosmic Spirit Guide,"Eight of Wands (wands). Upright: Movement, fast paced change, action, alignment, air travel. Reversed: Delays, frustration, resisting change, internal alignment.",,1,71,0,KEEP_SYNCED_OR_REVIEW_DUPLICATE,Route already resolves on new build; compare content and metadata before deciding canonical version.
/tarot/five-of-cups,/tarot,200,200,https://cosmicspiritguide.com/tarot/five-of-cups,https://csg-next.onrender.com/tarot/five-of-cups,Five of Cups Tarot Card Meaning | Upright & Reversed Guide,"Five of Cups tarot card meaning: upright — Regret, failure, disappointment, pessimism. Reversed — Personal setbacks, self-forgiveness, moving on. Learn the full interpretation and get a free online tarot reading.",https://cosmicspiritguide.com/tarot/five-of-cups,2,260,2,Five of Cups — Tarot Card Meaning | Cosmic Spirit Guide,"Five of Cups (cups). Upright: Regret, failure, disappointment, pessimism. Reversed: Personal setbacks, self-forgiveness, moving on.",,1,66,0,KEEP_SYNCED_OR_REVIEW_DUPLICATE,Route already resolves on new build; compare content and metadata before deciding canonical version.
/tarot/five-of-pentacles,/tarot,200,200,https://cosmicspiritguide.com/tarot/five-of-pentacles,https://csg-next.onrender.com/tarot/five-of-pentacles,Five of Pentacles Tarot Card Meaning | Upright & Reversed Guide,"Five of Pentacles tarot card meaning: upright — Financial loss, poverty, lack mindset, isolation, worry. Reversed — Recovery from financial loss, spiritual poverty. Learn the full interpretation and get a free online tarot reading.",https://cosmicspiritguide.com/tarot/five-of-pentacles,2,263,2,Five of Pentacles — Tarot Card Meaning | Cosmic Spirit Guide,"Five of Pentacles (pentacles). Upright: Financial loss, poverty, lack mindset, isolation, worry. Reversed: Recovery from financial loss, spiritual poverty.",,1,70,0,KEEP_SYNCED_OR_REVIEW_DUPLICATE,Route already resolves on new build; compare content and metadata before deciding canonical version.
/tarot/five-of-swords,/tarot,200,200,https://cosmicspiritguide.com/tarot/five-of-swords,https://csg-next.onrender.com/tarot/five-of-swords,Five of Swords Tarot Card Meaning | Upright & Reversed Guide,"Five of Swords tarot card meaning: upright — Conflict, disagreements, competition, defeat, winning at all costs. Reversed — Reconciliation, making amends, past resentment. Learn the full interpretation and get a free online tarot reading.",https://cosmicspiritguide.com/tarot/five-of-swords,2,269,2,Five of Swords — Tarot Card Meaning | Cosmic Spirit Guide,"Five of Swords (swords). Upright: Conflict, disagreements, competition, defeat, winning at all costs. Reversed: Reconciliation, making amends, past resentment.",,1,70,0,KEEP_SYNCED_OR_REVIEW_DUPLICATE,Route already resolves on new build; compare content and metadata before deciding canonical version.
/tarot/five-of-wands,/tarot,200,200,https://cosmicspiritguide.com/tarot/five-of-wands,https://csg-next.onrender.com/tarot/five-of-wands,Five of Wands Tarot Card Meaning | Upright & Reversed Guide,"Five of Wands tarot card meaning: upright — Conflict, disagreements, competition, tension, diversity. Reversed — Inner conflict, conflict avoidance, releasing tension. Learn the full interpretation and get a free online tarot reading.",https://cosmicspiritguide.com/tarot/five-of-wands,2,256,2,Five of Wands — Tarot Card Meaning | Cosmic Spirit Guide,"Five of Wands (wands). Upright: Conflict, disagreements, competition, tension, diversity. Reversed: Inner conflict, conflict avoidance, releasing tension.",,1,68,0,KEEP_SYNCED_OR_REVIEW_DUPLICATE,Route already resolves on new build; compare content and metadata before deciding canonical version.
/tarot/four-of-cups,/tarot,200,200,https://cosmicspiritguide.com/tarot/four-of-cups,https://csg-next.onrender.com/tarot/four-of-cups,Four of Cups Tarot Card Meaning | Upright & Reversed Guide,"Four of Cups tarot card meaning: upright — Meditation, contemplation, apathy, reevaluation. Reversed — Retreat, withdrawal, checking in for alignment. Learn the full interpretation and get a free online tarot reading.",https://cosmicspiritguide.com/tarot/four-of-cups,2,255,2,Four of Cups — Tarot Card Meaning | Cosmic Spirit Guide,"Four of Cups (cups). Upright: Meditation, contemplation, apathy, reevaluation. Reversed: Retreat, withdrawal, checking in for alignment.",,1,67,0,KEEP_SYNCED_OR_REVIEW_DUPLICATE,Route already resolves on new build; compare content and metadata before deciding canonical version.
/tarot/four-of-pentacles,/tarot,200,200,https://cosmicspiritguide.com/tarot/four-of-pentacles,https://csg-next.onrender.com/tarot/four-of-pentacles,Four of Pentacles Tarot Card Meaning | Upright & Reversed Guide,"Four of Pentacles tarot card meaning: upright — Saving money, security, conservatism, scarcity, control. Reversed — Over-spending, greed, self-protection. Learn the full interpretation and get a free online tarot reading.",https://cosmicspiritguide.com/tarot/four-of-pentacles,2,262,2,Four of Pentacles — Tarot Card Meaning | Cosmic Spirit Guide,"Four of Pentacles (pentacles). Upright: Saving money, security, conservatism, scarcity, control. Reversed: Over-spending, greed, self-protection.",,1,66,0,KEEP_SYNCED_OR_REVIEW_DUPLICATE,Route already resolves on new build; compare content and metadata before deciding canonical version.
/tarot/four-of-swords,/tarot,200,200,https://cosmicspiritguide.com/tarot/four-of-swords,https://csg-next.onrender.com/tarot/four-of-swords,Four of Swords Tarot Card Meaning | Upright & Reversed Guide,"Four of Swords tarot card meaning: upright — Rest, relaxation, meditation, contemplation, recuperation. Reversed — Exhaustion, burn-out, deep contemplation, stagnation. Learn the full interpretation and get a free online tarot reading.",https://cosmicspiritguide.com/tarot/four-of-swords,2,256,2,Four of Swords — Tarot Card Meaning | Cosmic Spirit Guide,"Four of Swords (swords). Upright: Rest, relaxation, meditation, contemplation, recuperation. Reversed: Exhaustion, burn-out, deep contemplation, stagnation.",,1,67,0,KEEP_SYNCED_OR_REVIEW_DUPLICATE,Route already resolves on new build; compare content and metadata before deciding canonical version.
/tarot/four-of-wands,/tarot,200,200,https://cosmicspiritguide.com/tarot/four-of-wands,https://csg-next.onrender.com/tarot/four-of-wands,Four of Wands Tarot Card Meaning | Upright & Reversed Guide,"Four of Wands tarot card meaning: upright — Celebration, joy, harmony, relaxation, homecoming. Reversed — Personal celebration, inner harmony, conflict with others, transition. Learn the full interpretation and get a free online tarot reading.",https://cosmicspiritguide.com/tarot/four-of-wands,2,264,2,Four of Wands — Tarot Card Meaning | Cosmic Spirit Guide,"Four of Wands (wands). Upright: Celebration, joy, harmony, relaxation, homecoming. Reversed: Personal celebration, inner harmony, conflict with others, transition.",,1,70,0,KEEP_SYNCED_OR_REVIEW_DUPLICATE,Route already resolves on new build; compare content and metadata before deciding canonical version.
/tarot/judgement,/tarot,200,200,https://cosmicspiritguide.com/tarot/judgement,https://csg-next.onrender.com/tarot/judgement,Judgement Tarot Card Meaning | Upright & Reversed Guide,"Judgement tarot card meaning: upright — Judgement, rebirth, inner calling, absolution. Reversed — Self-doubt, inner critic, ignoring the call. Learn the full interpretation and get a free online tarot reading.",https://cosmicspiritguide.com/tarot/judgement,2,249,2,Judgement — Tarot Card Meaning | Cosmic Spirit Guide,"Judgement (major). Upright: Judgement, rebirth, inner calling, absolution. Reversed: Self-doubt, inner critic, ignoring the call.",,1,64,0,KEEP_SYNCED_OR_REVIEW_DUPLICATE,Route already resolves on new build; compare content and metadata before deciding canonical version.
/tarot/justice,/tarot,200,200,https://cosmicspiritguide.com/tarot/justice,https://csg-next.onrender.com/tarot/justice,Justice Tarot Card Meaning | Upright & Reversed Guide,"Justice tarot card meaning: upright — Justice, fairness, truth, cause and effect, law. Reversed — Unfairness, lack of accountability, dishonesty. Learn the full interpretation and get a free online tarot reading.",https://cosmicspiritguide.com/tarot/justice,2,251,2,Justice — Tarot Card Meaning | Cosmic Spirit Guide,"Justice (major). Upright: Justice, fairness, truth, cause and effect, law. Reversed: Unfairness, lack of accountability, dishonesty.",,1,65,0,KEEP_SYNCED_OR_REVIEW_DUPLICATE,Route already resolves on new build; compare content and metadata before deciding canonical version.
/tarot/king-of-cups,/tarot,200,200,https://cosmicspiritguide.com/tarot/king-of-cups,https://csg-next.onrender.com/tarot/king-of-cups,King of Cups Tarot Card Meaning | Upright & Reversed Guide,"King of Cups tarot card meaning: upright — Emotionally balanced, compassionate, diplomatic. Reversed — Self-compassion, inner feelings, moodiness, emotionally manipulative. Learn the full interpretation and get a free online tarot reading.",https://cosmicspiritguide.com/tarot/king-of-cups,2,257,2,King of Cups — Tarot Card Meaning | Cosmic Spirit Guide,"King of Cups (cups). Upright: Emotionally balanced, compassionate, diplomatic. Reversed: Self-compassion, inner feelings, moodiness, emotionally manipulative.",,1,67,0,KEEP_SYNCED_OR_REVIEW_DUPLICATE,Route already resolves on new build; compare content and metadata before deciding canonical version.
/tarot/king-of-pentacles,/tarot,200,200,https://cosmicspiritguide.com/tarot/king-of-pentacles,https://csg-next.onrender.com/tarot/king-of-pentacles,King of Pentacles Tarot Card Meaning | Upright & Reversed Guide,"King of Pentacles tarot card meaning: upright — Wealth, business, leadership, security, discipline, abundance. Reversed — Financially inept, obsessed with wealth, stubborn, greed. Learn the full interpretation and get a free online tarot reading.",https://cosmicspiritguide.com/tarot/king-of-pentacles,2,266,2,King of Pentacles — Tarot Card Meaning | Cosmic Spirit Guide,"King of Pentacles (pentacles). Upright: Wealth, business, leadership, security, discipline, abundance. Reversed: Financially inept, obsessed with wealth, stubborn, greed.",,1,70,0,KEEP_SYNCED_OR_REVIEW_DUPLICATE,Route already resolves on new build; compare content and metadata before deciding canonical version.
/tarot/king-of-swords,/tarot,200,200,https://cosmicspiritguide.com/tarot/king-of-swords,https://csg-next.onrender.com/tarot/king-of-swords,King of Swords Tarot Card Meaning | Upright & Reversed Guide,"King of Swords tarot card meaning: upright — Mental clarity, intellectual power, authority, truth. Reversed — Quiet power, inner truth, misuse of power, manipulation. Learn the full interpretation and get a free online tarot reading.",https://cosmicspiritguide.com/tarot/king-of-swords,2,269,2,King of Swords — Tarot Card Meaning | Cosmic Spirit Guide,"King of Swords (swords). Upright: Mental clarity, intellectual power, authority, truth. Reversed: Quiet power, inner truth, misuse of power, manipulation.",,1,71,0,KEEP_SYNCED_OR_REVIEW_DUPLICATE,Route already resolves on new build; compare content and metadata before deciding canonical version.
/tarot/king-of-wands,/tarot,200,200,https://cosmicspiritguide.com/tarot/king-of-wands,https://csg-next.onrender.com/tarot/king-of-wands,King of Wands Tarot Card Meaning | Upright & Reversed Guide,"King of Wands tarot card meaning: upright — Natural-born leader, vision, entrepreneur, honour. Reversed — Impulsiveness, haste, ruthless, high expectations. Learn the full interpretation and get a free online tarot reading.",https://cosmicspiritguide.com/tarot/king-of-wands,2,259,2,King of Wands — Tarot Card Meaning | Cosmic Spirit Guide,"King of Wands (wands). Upright: Natural-born leader, vision, entrepreneur, honour. Reversed: Impulsiveness, haste, ruthless, high expectations.",,1,67,0,KEEP_SYNCED_OR_REVIEW_DUPLICATE,Route already resolves on new build; compare content and metadata before deciding canonical version.
/tarot/knight-of-cups,/tarot,200,200,https://cosmicspiritguide.com/tarot/knight-of-cups,https://csg-next.onrender.com/tarot/knight-of-cups,Knight of Cups Tarot Card Meaning | Upright & Reversed Guide,"Knight of Cups tarot card meaning: upright — Creativity, romance, charm, imagination, beauty. Reversed — Overactive imagination, unrealistic, jealous, moody. Learn the full interpretation and get a free online tarot reading.",https://cosmicspiritguide.com/tarot/knight-of-cups,2,258,2,Knight of Cups — Tarot Card Meaning | Cosmic Spirit Guide,"Knight of Cups (cups). Upright: Creativity, romance, charm, imagination, beauty. Reversed: Overactive imagination, unrealistic, jealous, moody.",,1,67,0,KEEP_SYNCED_OR_REVIEW_DUPLICATE,Route already resolves on new build; compare content and metadata before deciding canonical version.
/tarot/knight-of-pentacles,/tarot,200,200,https://cosmicspiritguide.com/tarot/knight-of-pentacles,https://csg-next.onrender.com/tarot/knight-of-pentacles,Knight of Pentacles Tarot Card Meaning | Upright & Reversed Guide,"Knight of Pentacles tarot card meaning: upright — Hard work, productivity, routine, conservatism, methodical. Reversed — Self-discipline, boredom, feeling 'stuck', perfectionism. Learn the full interpretation and get a free online tarot reading.",https://cosmicspiritguide.com/tarot/knight-of-pentacles,2,254,2,Knight of Pentacles — Tarot Card Meaning | Cosmic Spirit Guide,"Knight of Pentacles (pentacles). Upright: Hard work, productivity, routine, conservatism, methodical. Reversed: Self-discipline, boredom, feeling 'stuck', perfectionism.",,1,68,0,KEEP_SYNCED_OR_REVIEW_DUPLICATE,Route already resolves on new build; compare content and metadata before deciding canonical version.
/tarot/knight-of-swords,/tarot,200,200,https://cosmicspiritguide.com/tarot/knight-of-swords,https://csg-next.onrender.com/tarot/knight-of-swords,Knight of Swords Tarot Card Meaning | Upright & Reversed Guide,"Knight of Swords tarot card meaning: upright — Ambitious, action-oriented, driven to succeed, fast-thinking. Reversed — Restless, unfocused, impulsive, burn-out. Learn the full interpretation and get a free online tarot reading.",https://cosmicspiritguide.com/tarot/knight-of-swords,2,255,2,Knight of Swords — Tarot Card Meaning | Cosmic Spirit Guide,"Knight of Swords (swords). Upright: Ambitious, action-oriented, driven to succeed, fast-thinking. Reversed: Restless, unfocused, impulsive, burn-out.",,1,67,0,KEEP_SYNCED_OR_REVIEW_DUPLICATE,Route already resolves on new build; compare content and metadata before deciding canonical version.
/tarot/knight-of-wands,/tarot,200,200,https://cosmicspiritguide.com/tarot/knight-of-wands,https://csg-next.onrender.com/tarot/knight-of-wands,Knight of Wands Tarot Card Meaning | Upright & Reversed Guide,"Knight of Wands tarot card meaning: upright — Energy, passion, inspired action, adventure, impulsiveness. Reversed — Passion project, haste, scattered energy, delays, frustration. Learn the full interpretation and get a free online tarot reading.",https://cosmicspiritguide.com/tarot/knight-of-wands,2,263,2,Knight of Wands — Tarot Card Meaning | Cosmic Spirit Guide,"Knight of Wands (wands). Upright: Energy, passion, inspired action, adventure, impulsiveness. Reversed: Passion project, haste, scattered energy, delays, frustration.",,1,70,0,KEEP_SYNCED_OR_REVIEW_DUPLICATE,Route already resolves on new build; compare content and metadata before deciding canonical version.
/tarot/nine-of-cups,/tarot,200,200,https://cosmicspiritguide.com/tarot/nine-of-cups,https://csg-next.onrender.com/tarot/nine-of-cups,Nine of Cups Tarot Card Meaning | Upright & Reversed Guide,"Nine of Cups tarot card meaning: upright — Contentment, satisfaction, gratitude, wish come true. Reversed — Inner happiness, materialism, dissatisfaction, indulgence. Learn the full interpretation and get a free online tarot reading.",https://cosmicspiritguide.com/tarot/nine-of-cups,2,258,2,Nine of Cups — Tarot Card Meaning | Cosmic Spirit Guide,"Nine of Cups (cups). Upright: Contentment, satisfaction, gratitude, wish come true. Reversed: Inner happiness, materialism, dissatisfaction, indulgence.",,1,68,0,KEEP_SYNCED_OR_REVIEW_DUPLICATE,Route already resolves on new build; compare content and metadata before deciding canonical version.
/tarot/nine-of-pentacles,/tarot,200,200,https://cosmicspiritguide.com/tarot/nine-of-pentacles,https://csg-next.onrender.com/tarot/nine-of-pentacles,Nine of Pentacles Tarot Card Meaning | Upright & Reversed Guide,"Nine of Pentacles tarot card meaning: upright — Abundance, luxury, self-sufficiency, financial independence. Reversed — Self-worth, over-investment in work, hustling. Learn the full interpretation and get a free online tarot reading.",https://cosmicspiritguide.com/tarot/nine-of-pentacles,2,260,2,Nine of Pentacles — Tarot Card Meaning | Cosmic Spirit Guide,"Nine of Pentacles (pentacles). Upright: Abundance, luxury, self-sufficiency, financial independence. Reversed: Self-worth, over-investment in work, hustling.",,1,67,0,KEEP_SYNCED_OR_REVIEW_DUPLICATE,Route already resolves on new build; compare content and metadata before deciding canonical version.
/tarot/nine-of-swords,/tarot,200,200,https://cosmicspiritguide.com/tarot/nine-of-swords,https://csg-next.onrender.com/tarot/nine-of-swords,Nine of Swords Tarot Card Meaning | Upright & Reversed Guide,"Nine of Swords tarot card meaning: upright — Anxiety, worry, fear, depression, nightmares. Reversed — Inner turmoil, deep-seated fears, secrets, releasing worry. Learn the full interpretation and get a free online tarot reading.",https://cosmicspiritguide.com/tarot/nine-of-swords,2,260,2,Nine of Swords — Tarot Card Meaning | Cosmic Spirit Guide,"Nine of Swords (swords). Upright: Anxiety, worry, fear, depression, nightmares. Reversed: Inner turmoil, deep-seated fears, secrets, releasing worry.",,1,69,0,KEEP_SYNCED_OR_REVIEW_DUPLICATE,Route already resolves on new build; compare content and metadata before deciding canonical version.
/tarot/nine-of-wands,/tarot,200,200,https://cosmicspiritguide.com/tarot/nine-of-wands,https://csg-next.onrender.com/tarot/nine-of-wands,Nine of Wands Tarot Card Meaning | Upright & Reversed Guide,"Nine of Wands tarot card meaning: upright — Resilience, courage, persistence, test of faith, boundaries. Reversed — Inner resources, struggle, overwhelm, defensive, paranoia. Learn the full interpretation and get a free online tarot reading.",https://cosmicspiritguide.com/tarot/nine-of-wands,2,266,2,Nine of Wands — Tarot Card Meaning | Cosmic Spirit Guide,"Nine of Wands (wands). Upright: Resilience, courage, persistence, test of faith, boundaries. Reversed: Inner resources, struggle, overwhelm, defensive, paranoia.",,1,70,0,KEEP_SYNCED_OR_REVIEW_DUPLICATE,Route already resolves on new build; compare content and metadata before deciding canonical version.
/tarot/page-of-cups,/tarot,200,200,https://cosmicspiritguide.com/tarot/page-of-cups,https://csg-next.onrender.com/tarot/page-of-cups,Page of Cups Tarot Card Meaning | Upright & Reversed Guide,"Page of Cups tarot card meaning: upright — Creative opportunities, intuitive messages, curiosity, possibility. Reversed — New ideas, doubting intuition, creative blocks, emotional immaturity. Learn the full interpretation and get a free online tarot reading.",https://cosmicspiritguide.com/tarot/page-of-cups,2,270,2,Page of Cups — Tarot Card Meaning | Cosmic Spirit Guide,"Page of Cups (cups). Upright: Creative opportunities, intuitive messages, curiosity, possibility. Reversed: New ideas, doubting intuition, creative blocks, emotional immaturity.",,1,71,0,KEEP_SYNCED_OR_REVIEW_DUPLICATE,Route already resolves on new build; compare content and metadata before deciding canonical version.
/tarot/page-of-pentacles,/tarot,200,200,https://cosmicspiritguide.com/tarot/page-of-pentacles,https://csg-next.onrender.com/tarot/page-of-pentacles,Page of Pentacles Tarot Card Meaning | Upright & Reversed Guide,"Page of Pentacles tarot card meaning: upright — Manifestation, financial opportunity, skill development, ambition. Reversed — Lack of progress, procrastination, learn from failure. Learn the full interpretation and get a free online tarot reading.",https://cosmicspiritguide.com/tarot/page-of-pentacles,2,265,2,Page of Pentacles — Tarot Card Meaning | Cosmic Spirit Guide,"Page of Pentacles (pentacles). Upright: Manifestation, financial opportunity, skill development, ambition. Reversed: Lack of progress, procrastination, learn from failure.",,1,70,0,KEEP_SYNCED_OR_REVIEW_DUPLICATE,Route already resolves on new build; compare content and metadata before deciding canonical version.
/tarot/page-of-swords,/tarot,200,200,https://cosmicspiritguide.com/tarot/page-of-swords,https://csg-next.onrender.com/tarot/page-of-swords,Page of Swords Tarot Card Meaning | Upright & Reversed Guide,"Page of Swords tarot card meaning: upright — New ideas, curiosity, thirst for knowledge, new ways of communicating. Reversed — Self-expression, all talk and no action, haphazard action, haste. Learn the full interpretation and get a free online tarot reading.",https://cosmicspiritguide.com/tarot/page-of-swords,2,282,2,Page of Swords — Tarot Card Meaning | Cosmic Spirit Guide,"Page of Swords (swords). Upright: New ideas, curiosity, thirst for knowledge, new ways of communicating. Reversed: Self-expression, all talk and no action, haphazard action, haste.",,1,76,0,KEEP_SYNCED_OR_REVIEW_DUPLICATE,Route already resolves on new build; compare content and metadata before deciding canonical version.
/tarot/page-of-wands,/tarot,200,200,https://cosmicspiritguide.com/tarot/page-of-wands,https://csg-next.onrender.com/tarot/page-of-wands,Page of Wands Tarot Card Meaning | Upright & Reversed Guide,"Page of Wands tarot card meaning: upright — Inspiration, ideas, discovery, limitless potential, free spirit. Reversed — Newly-formed ideas, redirecting energy, self-limiting beliefs. Learn the full interpretation and get a free online tarot reading.",https://cosmicspiritguide.com/tarot/page-of-wands,2,257,2,Page of Wands — Tarot Card Meaning | Cosmic Spirit Guide,"Page of Wands (wands). Upright: Inspiration, ideas, discovery, limitless potential, free spirit. Reversed: Newly-formed ideas, redirecting energy, self-limiting beliefs.",,1,70,0,KEEP_SYNCED_OR_REVIEW_DUPLICATE,Route already resolves on new build; compare content and metadata before deciding canonical version.
/tarot/queen-of-cups,/tarot,200,200,https://cosmicspiritguide.com/tarot/queen-of-cups,https://csg-next.onrender.com/tarot/queen-of-cups,Queen of Cups Tarot Card Meaning | Upright & Reversed Guide,"Queen of Cups tarot card meaning: upright — Compassionate, caring, emotionally stable, intuitive, in flow. Reversed — Inner feelings, self-care, self-love, co-dependency. Learn the full interpretation and get a free online tarot reading.",https://cosmicspiritguide.com/tarot/queen-of-cups,2,259,2,Queen of Cups — Tarot Card Meaning | Cosmic Spirit Guide,"Queen of Cups (cups). Upright: Compassionate, caring, emotionally stable, intuitive, in flow. Reversed: Inner feelings, self-care, self-love, co-dependency.",,1,69,0,KEEP_SYNCED_OR_REVIEW_DUPLICATE,Route already resolves on new build; compare content and metadata before deciding canonical version.
/tarot/queen-of-pentacles,/tarot,200,200,https://cosmicspiritguide.com/tarot/queen-of-pentacles,https://csg-next.onrender.com/tarot/queen-of-pentacles,Queen of Pentacles Tarot Card Meaning | Upright & Reversed Guide,"Queen of Pentacles tarot card meaning: upright — Nurturing, practical, providing financially, a working parent, grounded. Reversed — Financial independence, self-care, work-home conflict. Learn the full interpretation and get a free online tarot reading.",https://cosmicspiritguide.com/tarot/queen-of-pentacles,2,265,2,Queen of Pentacles — Tarot Card Meaning | Cosmic Spirit Guide,"Queen of Pentacles (pentacles). Upright: Nurturing, practical, providing financially, a working parent, grounded. Reversed: Financial independence, self-care, work-home conflict.",,1,70,0,KEEP_SYNCED_OR_REVIEW_DUPLICATE,Route already resolves on new build; compare content and metadata before deciding canonical version.
/tarot/queen-of-swords,/tarot,200,200,https://cosmicspiritguide.com/tarot/queen-of-swords,https://csg-next.onrender.com/tarot/queen-of-swords,Queen of Swords Tarot Card Meaning | Upright & Reversed Guide,"Queen of Swords tarot card meaning: upright — Independent, unbiased judgement, clear boundaries, direct communication. Reversed — Overly-emotional, easily influenced, bitchy, cold-hearted. Learn the full interpretation and get a free online tarot reading.",https://cosmicspiritguide.com/tarot/queen-of-swords,2,266,2,Queen of Swords — Tarot Card Meaning | Cosmic Spirit Guide,"Queen of Swords (swords). Upright: Independent, unbiased judgement, clear boundaries, direct communication. Reversed: Overly-emotional, easily influenced, bitchy, cold-hearted.",,1,69,0,KEEP_SYNCED_OR_REVIEW_DUPLICATE,Route already resolves on new build; compare content and metadata before deciding canonical version.
/tarot/queen-of-wands,/tarot,200,200,https://cosmicspiritguide.com/tarot/queen-of-wands,https://csg-next.onrender.com/tarot/queen-of-wands,Queen of Wands Tarot Card Meaning | Upright & Reversed Guide,"Queen of Wands tarot card meaning: upright — Courage, confidence, independence, social butterfly, determination. Reversed — Self-respect, self-confidence, introverted, re-establish. Learn the full interpretation and get a free online tarot reading.",https://cosmicspiritguide.com/tarot/queen-of-wands,2,254,2,Queen of Wands — Tarot Card Meaning | Cosmic Spirit Guide,"Queen of Wands (wands). Upright: Courage, confidence, independence, social butterfly, determination. Reversed: Self-respect, self-confidence, introverted, re-establish.",,1,67,0,KEEP_SYNCED_OR_REVIEW_DUPLICATE,Route already resolves on new build; compare content and metadata before deciding canonical version.
/tarot/seven-of-cups,/tarot,200,200,https://cosmicspiritguide.com/tarot/seven-of-cups,https://csg-next.onrender.com/tarot/seven-of-cups,Seven of Cups Tarot Card Meaning | Upright & Reversed Guide,"Seven of Cups tarot card meaning: upright — Opportunities, choices, wishful thinking, illusion. Reversed — Alignment, personal values, overwhelmed by choices. Learn the full interpretation and get a free online tarot reading.",https://cosmicspiritguide.com/tarot/seven-of-cups,2,257,2,Seven of Cups — Tarot Card Meaning | Cosmic Spirit Guide,"Seven of Cups (cups). Upright: Opportunities, choices, wishful thinking, illusion. Reversed: Alignment, personal values, overwhelmed by choices.",,1,68,0,KEEP_SYNCED_OR_REVIEW_DUPLICATE,Route already resolves on new build; compare content and metadata before deciding canonical version.
/tarot/seven-of-pentacles,/tarot,200,200,https://cosmicspiritguide.com/tarot/seven-of-pentacles,https://csg-next.onrender.com/tarot/seven-of-pentacles,Seven of Pentacles Tarot Card Meaning | Upright & Reversed Guide,"Seven of Pentacles tarot card meaning: upright — Long-term view, sustainable results, perseverance, investment. Reversed — Lack of long-term vision, limited success, question worth. Learn the full interpretation and get a free online tarot reading.",https://cosmicspiritguide.com/tarot/seven-of-pentacles,2,261,2,Seven of Pentacles — Tarot Card Meaning | Cosmic Spirit Guide,"Seven of Pentacles (pentacles). Upright: Long-term view, sustainable results, perseverance, investment. Reversed: Lack of long-term vision, limited success, question worth.",,1,71,0,KEEP_SYNCED_OR_REVIEW_DUPLICATE,Route already resolves on new build; compare content and metadata before deciding canonical version.
/tarot/seven-of-swords,/tarot,200,200,https://cosmicspiritguide.com/tarot/seven-of-swords,https://csg-next.onrender.com/tarot/seven-of-swords,Seven of Swords Tarot Card Meaning | Upright & Reversed Guide,"Seven of Swords tarot card meaning: upright — Betrayal, deception, getting away with something, acting strategically. Reversed — Imposter syndrome, self-deceit, keeping secrets. Learn the full interpretation and get a free online tarot reading.",https://cosmicspiritguide.com/tarot/seven-of-swords,2,268,2,Seven of Swords — Tarot Card Meaning | Cosmic Spirit Guide,"Seven of Swords (swords). Upright: Betrayal, deception, getting away with something, acting strategically. Reversed: Imposter syndrome, self-deceit, keeping secrets.",,1,70,0,KEEP_SYNCED_OR_REVIEW_DUPLICATE,Route already resolves on new build; compare content and metadata before deciding canonical version.
/tarot/seven-of-wands,/tarot,200,200,https://cosmicspiritguide.com/tarot/seven-of-wands,https://csg-next.onrender.com/tarot/seven-of-wands,Seven of Wands Tarot Card Meaning | Upright & Reversed Guide,"Seven of Wands tarot card meaning: upright — Challenge, competition, protection, perseverance. Reversed — Exhaustion, giving up, overwhelmed. Learn the full interpretation and get a free online tarot reading.",https://cosmicspiritguide.com/tarot/seven-of-wands,2,248,2,Seven of Wands — Tarot Card Meaning | Cosmic Spirit Guide,"Seven of Wands (wands). Upright: Challenge, competition, protection, perseverance. Reversed: Exhaustion, giving up, overwhelmed.",,1,65,0,KEEP_SYNCED_OR_REVIEW_DUPLICATE,Route already resolves on new build; compare content and metadata before deciding canonical version.
/tarot/six-of-cups,/tarot,200,200,https://cosmicspiritguide.com/tarot/six-of-cups,https://csg-next.onrender.com/tarot/six-of-cups,Six of Cups Tarot Card Meaning | Upright & Reversed Guide,"Six of Cups tarot card meaning: upright — Revisiting the past, childhood memories, innocence, joy. Reversed — Living in the past, forgiveness, lacking playfulness. Learn the full interpretation and get a free online tarot reading.",https://cosmicspiritguide.com/tarot/six-of-cups,2,266,2,Six of Cups — Tarot Card Meaning | Cosmic Spirit Guide,"Six of Cups (cups). Upright: Revisiting the past, childhood memories, innocence, joy. Reversed: Living in the past, forgiveness, lacking playfulness.",,1,71,0,KEEP_SYNCED_OR_REVIEW_DUPLICATE,Route already resolves on new build; compare content and metadata before deciding canonical version.
/tarot/six-of-pentacles,/tarot,200,200,https://cosmicspiritguide.com/tarot/six-of-pentacles,https://csg-next.onrender.com/tarot/six-of-pentacles,Six of Pentacles Tarot Card Meaning | Upright & Reversed Guide,"Six of Pentacles tarot card meaning: upright — Giving, receiving, sharing wealth, generosity, charity. Reversed — Self-care, unpaid debts, one-sided charity. Learn the full interpretation and get a free online tarot reading.",https://cosmicspiritguide.com/tarot/six-of-pentacles,2,263,2,Six of Pentacles — Tarot Card Meaning | Cosmic Spirit Guide,"Six of Pentacles (pentacles). Upright: Giving, receiving, sharing wealth, generosity, charity. Reversed: Self-care, unpaid debts, one-sided charity.",,1,68,0,KEEP_SYNCED_OR_REVIEW_DUPLICATE,Route already resolves on new build; compare content and metadata before deciding canonical version.
/tarot/six-of-swords,/tarot,200,200,https://cosmicspiritguide.com/tarot/six-of-swords,https://csg-next.onrender.com/tarot/six-of-swords,Six of Swords Tarot Card Meaning | Upright & Reversed Guide,"Six of Swords tarot card meaning: upright — Transition, change, rite of passage, releasing baggage. Reversed — Personal transition, resistance to change, unfinished business. Learn the full interpretation and get a free online tarot reading.",https://cosmicspiritguide.com/tarot/six-of-swords,2,273,2,Six of Swords — Tarot Card Meaning | Cosmic Spirit Guide,"Six of Swords (swords). Upright: Transition, change, rite of passage, releasing baggage. Reversed: Personal transition, resistance to change, unfinished business.",,1,71,0,KEEP_SYNCED_OR_REVIEW_DUPLICATE,Route already resolves on new build; compare content and metadata before deciding canonical version.
/tarot/six-of-wands,/tarot,200,200,https://cosmicspiritguide.com/tarot/six-of-wands,https://csg-next.onrender.com/tarot/six-of-wands,Six of Wands Tarot Card Meaning | Upright & Reversed Guide,"Six of Wands tarot card meaning: upright — Success, public recognition, progress, self-confidence. Reversed — Private achievement, personal definition of success, fall from grace. Learn the full interpretation and get a free online tarot reading.",https://cosmicspiritguide.com/tarot/six-of-wands,2,264,2,Six of Wands — Tarot Card Meaning | Cosmic Spirit Guide,"Six of Wands (wands). Upright: Success, public recognition, progress, self-confidence. Reversed: Private achievement, personal definition of success, fall from grace.",,1,71,0,KEEP_SYNCED_OR_REVIEW_DUPLICATE,Route already resolves on new build; compare content and metadata before deciding canonical version.
/tarot/strength,/tarot,200,200,https://cosmicspiritguide.com/tarot/strength,https://csg-next.onrender.com/tarot/strength,Strength Tarot Card Meaning | Upright & Reversed Guide,"Strength tarot card meaning: upright — Strength, courage, persuasion, influence, compassion. Reversed — Inner strength, self-doubt, low energy, raw emotion. Learn the full interpretation and get a free online tarot reading.",https://cosmicspiritguide.com/tarot/strength,2,248,2,Strength — Tarot Card Meaning | Cosmic Spirit Guide,"Strength (major). Upright: Strength, courage, persuasion, influence, compassion. Reversed: Inner strength, self-doubt, low energy, raw emotion.",,1,65,0,KEEP_SYNCED_OR_REVIEW_DUPLICATE,Route already resolves on new build; compare content and metadata before deciding canonical version.
/tarot/temperance,/tarot,200,200,https://cosmicspiritguide.com/tarot/temperance,https://csg-next.onrender.com/tarot/temperance,Temperance Tarot Card Meaning | Upright & Reversed Guide,"Temperance tarot card meaning: upright — Balance, moderation, patience, purpose, meaning. Reversed — Imbalance, excess, self-healing, re-alignment. Learn the full interpretation and get a free online tarot reading.",https://cosmicspiritguide.com/tarot/temperance,2,241,2,Temperance — Tarot Card Meaning | Cosmic Spirit Guide,"Temperance (major). Upright: Balance, moderation, patience, purpose, meaning. Reversed: Imbalance, excess, self-healing, re-alignment.",,1,62,0,KEEP_SYNCED_OR_REVIEW_DUPLICATE,Route already resolves on new build; compare content and metadata before deciding canonical version.
/tarot/ten-of-cups,/tarot,200,200,https://cosmicspiritguide.com/tarot/ten-of-cups,https://csg-next.onrender.com/tarot/ten-of-cups,Ten of Cups Tarot Card Meaning | Upright & Reversed Guide,"Ten of Cups tarot card meaning: upright — Divine love, blissful relationships, harmony, alignment. Reversed — Disconnection, misaligned values, struggling relationships. Learn the full interpretation and get a free online tarot reading.",https://cosmicspiritguide.com/tarot/ten-of-cups,2,254,2,Ten of Cups — Tarot Card Meaning | Cosmic Spirit Guide,"Ten of Cups (cups). Upright: Divine love, blissful relationships, harmony, alignment. Reversed: Disconnection, misaligned values, struggling relationships.",,1,68,0,KEEP_SYNCED_OR_REVIEW_DUPLICATE,Route already resolves on new build; compare content and metadata before deciding canonical version.
/tarot/ten-of-pentacles,/tarot,200,200,https://cosmicspiritguide.com/tarot/ten-of-pentacles,https://csg-next.onrender.com/tarot/ten-of-pentacles,Ten of Pentacles Tarot Card Meaning | Upright & Reversed Guide,"Ten of Pentacles tarot card meaning: upright — Wealth, financial security, family, long-term success, contribution. Reversed — The dark side of wealth, financial failure, loneliness. Learn the full interpretation and get a free online tarot reading.",https://cosmicspiritguide.com/tarot/ten-of-pentacles,2,272,2,Ten of Pentacles — Tarot Card Meaning | Cosmic Spirit Guide,"Ten of Pentacles (pentacles). Upright: Wealth, financial security, family, long-term success, contribution. Reversed: The dark side of wealth, financial failure, loneliness.",,1,72,0,KEEP_SYNCED_OR_REVIEW_DUPLICATE,Route already resolves on new build; compare content and metadata before deciding canonical version.
/tarot/ten-of-swords,/tarot,200,200,https://cosmicspiritguide.com/tarot/ten-of-swords,https://csg-next.onrender.com/tarot/ten-of-swords,Ten of Swords Tarot Card Meaning | Upright & Reversed Guide,"Ten of Swords tarot card meaning: upright — Painful endings, deep wounds, betrayal, loss, crisis. Reversed — Recovery, regeneration, resisting an inevitable end. Learn the full interpretation and get a free online tarot reading.",https://cosmicspiritguide.com/tarot/ten-of-swords,2,264,2,Ten of Swords — Tarot Card Meaning | Cosmic Spirit Guide,"Ten of Swords (swords). Upright: Painful endings, deep wounds, betrayal, loss, crisis. Reversed: Recovery, regeneration, resisting an inevitable end.",,1,70,0,KEEP_SYNCED_OR_REVIEW_DUPLICATE,Route already resolves on new build; compare content and metadata before deciding canonical version.
/tarot/ten-of-wands,/tarot,200,200,https://cosmicspiritguide.com/tarot/ten-of-wands,https://csg-next.onrender.com/tarot/ten-of-wands,Ten of Wands Tarot Card Meaning | Upright & Reversed Guide,"Ten of Wands tarot card meaning: upright — Burden, extra responsibility, hard work, completion. Reversed — Doing it all, carrying the burden, delegation, release. Learn the full interpretation and get a free online tarot reading.",https://cosmicspiritguide.com/tarot/ten-of-wands,2,259,2,Ten of Wands — Tarot Card Meaning | Cosmic Spirit Guide,"Ten of Wands (wands). Upright: Burden, extra responsibility, hard work, completion. Reversed: Doing it all, carrying the burden, delegation, release.",,1,71,0,KEEP_SYNCED_OR_REVIEW_DUPLICATE,Route already resolves on new build; compare content and metadata before deciding canonical version.
/tarot/the-chariot,/tarot,200,200,https://cosmicspiritguide.com/tarot/the-chariot,https://csg-next.onrender.com/tarot/the-chariot,The Chariot Tarot Card Meaning | Upright & Reversed Guide,"The Chariot tarot card meaning: upright — Control, willpower, success, action, determination. Reversed — Self-discipline, opposition, lack of direction. Learn the full interpretation and get a free online tarot reading.",https://cosmicspiritguide.com/tarot/the-chariot,2,251,2,The Chariot — Tarot Card Meaning | Cosmic Spirit Guide,"The Chariot (major). Upright: Control, willpower, success, action, determination. Reversed: Self-discipline, opposition, lack of direction.",,1,65,0,KEEP_SYNCED_OR_REVIEW_DUPLICATE,Route already resolves on new build; compare content and metadata before deciding canonical version.
/tarot/the-devil,/tarot,200,200,https://cosmicspiritguide.com/tarot/the-devil,https://csg-next.onrender.com/tarot/the-devil,The Devil Tarot Card Meaning | Upright & Reversed Guide,"The Devil tarot card meaning: upright — Shadow self, attachment, addiction, restriction, sexuality. Reversed — Releasing limiting beliefs, exploring dark thoughts, detachment. Learn the full interpretation and get a free online tarot reading.",https://cosmicspiritguide.com/tarot/the-devil,2,260,2,The Devil — Tarot Card Meaning | Cosmic Spirit Guide,"The Devil (major). Upright: Shadow self, attachment, addiction, restriction, sexuality. Reversed: Releasing limiting beliefs, exploring dark thoughts, detachment.",,1,68,0,KEEP_SYNCED_OR_REVIEW_DUPLICATE,Route already resolves on new build; compare content and metadata before deciding canonical version.
/tarot/the-emperor,/tarot,200,200,https://cosmicspiritguide.com/tarot/the-emperor,https://csg-next.onrender.com/tarot/the-emperor,The Emperor Tarot Card Meaning | Upright & Reversed Guide,"The Emperor tarot card meaning: upright — Authority, establishment, structure, father figure. Reversed — Domination, excessive control, lack of discipline. Learn the full interpretation and get a free online tarot reading.",https://cosmicspiritguide.com/tarot/the-emperor,2,261,2,The Emperor — Tarot Card Meaning | Cosmic Spirit Guide,"The Emperor (major). Upright: Authority, establishment, structure, father figure. Reversed: Domination, excessive control, lack of discipline.",,1,66,0,KEEP_SYNCED_OR_REVIEW_DUPLICATE,Route already resolves on new build; compare content and metadata before deciding canonical version.
/tarot/the-empress,/tarot,200,200,https://cosmicspiritguide.com/tarot/the-empress,https://csg-next.onrender.com/tarot/the-empress,The Empress Tarot Card Meaning | Upright & Reversed Guide,"The Empress tarot card meaning: upright — Femininity, beauty, nature, nurturing, abundance. Reversed — Creative block, dependence on others, emptiness. Learn the full interpretation and get a free online tarot reading.",https://cosmicspiritguide.com/tarot/the-empress,2,252,2,The Empress — Tarot Card Meaning | Cosmic Spirit Guide,"The Empress (major). Upright: Femininity, beauty, nature, nurturing, abundance. Reversed: Creative block, dependence on others, emptiness.",,1,66,0,KEEP_SYNCED_OR_REVIEW_DUPLICATE,Route already resolves on new build; compare content and metadata before deciding canonical version.
/tarot/the-fool,/tarot,200,200,https://cosmicspiritguide.com/tarot/the-fool,https://csg-next.onrender.com/tarot/the-fool,The Fool Tarot Card Meaning | Upright & Reversed Guide,"The Fool tarot card meaning: upright — New beginnings, innocence, spontaneity, free spirit. Reversed — Recklessness, taken advantage of, inconsideration. Learn the full interpretation and get a free online tarot reading.",https://cosmicspiritguide.com/tarot/the-fool,2,253,2,The Fool — Tarot Card Meaning | Cosmic Spirit Guide,"The Fool (major). Upright: New beginnings, innocence, spontaneity, free spirit. Reversed: Recklessness, taken advantage of, inconsideration.",,1,66,0,KEEP_SYNCED_OR_REVIEW_DUPLICATE,Route already resolves on new build; compare content and metadata before deciding canonical version.
/tarot/the-hanged-man,/tarot,200,200,https://cosmicspiritguide.com/tarot/the-hanged-man,https://csg-next.onrender.com/tarot/the-hanged-man,The Hanged Man Tarot Card Meaning | Upright & Reversed Guide,"The Hanged Man tarot card meaning: upright — Pause, surrender, letting go, new perspectives. Reversed — Delays, resistance, stalling, indecision. Learn the full interpretation and get a free online tarot reading.",https://cosmicspiritguide.com/tarot/the-hanged-man,2,260,2,The Hanged Man — Tarot Card Meaning | Cosmic Spirit Guide,"The Hanged Man (major). Upright: Pause, surrender, letting go, new perspectives. Reversed: Delays, resistance, stalling, indecision.",,1,67,0,KEEP_SYNCED_OR_REVIEW_DUPLICATE,Route already resolves on new build; compare content and metadata before deciding canonical version.
/tarot/the-hermit,/tarot,200,200,https://cosmicspiritguide.com/tarot/the-hermit,https://csg-next.onrender.com/tarot/the-hermit,The Hermit Tarot Card Meaning | Upright & Reversed Guide,"The Hermit tarot card meaning: upright — Soul searching, introspection, being alone, inner guidance. Reversed — Isolation, loneliness, withdrawal. Learn the full interpretation and get a free online tarot reading.",https://cosmicspiritguide.com/tarot/the-hermit,2,256,2,The Hermit — Tarot Card Meaning | Cosmic Spirit Guide,"The Hermit (major). Upright: Soul searching, introspection, being alone, inner guidance. Reversed: Isolation, loneliness, withdrawal.",,1,65,0,KEEP_SYNCED_OR_REVIEW_DUPLICATE,Route already resolves on new build; compare content and metadata before deciding canonical version.
/tarot/the-hierophant,/tarot,200,200,https://cosmicspiritguide.com/tarot/the-hierophant,https://csg-next.onrender.com/tarot/the-hierophant,The Hierophant Tarot Card Meaning | Upright & Reversed Guide,"The Hierophant tarot card meaning: upright — Spiritual wisdom, religious beliefs, conformity, tradition. Reversed — Personal beliefs, freedom, challenging the status quo. Learn the full interpretation and get a free online tarot reading.",https://cosmicspiritguide.com/tarot/the-hierophant,2,260,2,The Hierophant — Tarot Card Meaning | Cosmic Spirit Guide,"The Hierophant (major). Upright: Spiritual wisdom, religious beliefs, conformity, tradition. Reversed: Personal beliefs, freedom, challenging the status quo.",,1,68,0,KEEP_SYNCED_OR_REVIEW_DUPLICATE,Route already resolves on new build; compare content and metadata before deciding canonical version.
/tarot/the-high-priestess,/tarot,200,200,https://cosmicspiritguide.com/tarot/the-high-priestess,https://csg-next.onrender.com/tarot/the-high-priestess,The High Priestess Tarot Card Meaning | Upright & Reversed Guide,"The High Priestess tarot card meaning: upright — Intuition, sacred knowledge, divine feminine, subconscious mind. Reversed — Secrets, disconnected from intuition, withdrawal. Learn the full interpretation and get a free online tarot reading.",https://cosmicspiritguide.com/tarot/the-high-priestess,2,257,2,The High Priestess — Tarot Card Meaning | Cosmic Spirit Guide,"The High Priestess (major). Upright: Intuition, sacred knowledge, divine feminine, subconscious mind. Reversed: Secrets, disconnected from intuition, withdrawal.",,1,69,0,KEEP_SYNCED_OR_REVIEW_DUPLICATE,Route already resolves on new build; compare content and metadata before deciding canonical version.
/tarot/the-lovers,/tarot,200,200,https://cosmicspiritguide.com/tarot/the-lovers,https://csg-next.onrender.com/tarot/the-lovers,The Lovers Tarot Card Meaning | Upright & Reversed Guide,"The Lovers tarot card meaning: upright — Love, harmony, relationships, values alignment, choices. Reversed — Self-love, disharmony, imbalance, misalignment of values. Learn the full interpretation and get a free online tarot reading.",https://cosmicspiritguide.com/tarot/the-lovers,2,252,2,The Lovers — Tarot Card Meaning | Cosmic Spirit Guide,"The Lovers (major). Upright: Love, harmony, relationships, values alignment, choices. Reversed: Self-love, disharmony, imbalance, misalignment of values.",,1,67,0,KEEP_SYNCED_OR_REVIEW_DUPLICATE,Route already resolves on new build; compare content and metadata before deciding canonical version.
/tarot/the-magician,/tarot,200,200,https://cosmicspiritguide.com/tarot/the-magician,https://csg-next.onrender.com/tarot/the-magician,The Magician Tarot Card Meaning | Upright & Reversed Guide,"The Magician tarot card meaning: upright — Manifestation, resourcefulness, power, inspired action. Reversed — Manipulation, poor planning, untapped talents. Learn the full interpretation and get a free online tarot reading.",https://cosmicspiritguide.com/tarot/the-magician,2,245,2,The Magician — Tarot Card Meaning | Cosmic Spirit Guide,"The Magician (major). Upright: Manifestation, resourcefulness, power, inspired action. Reversed: Manipulation, poor planning, untapped talents.",,1,65,0,KEEP_SYNCED_OR_REVIEW_DUPLICATE,Route already resolves on new build; compare content and metadata before deciding canonical version.
/tarot/the-moon,/tarot,200,200,https://cosmicspiritguide.com/tarot/the-moon,https://csg-next.onrender.com/tarot/the-moon,The Moon Tarot Card Meaning | Upright & Reversed Guide,"The Moon tarot card meaning: upright — Illusion, fear, anxiety, subconscious, intuition. Reversed — Release of fear, repressed emotion, inner confusion. Learn the full interpretation and get a free online tarot reading.",https://cosmicspiritguide.com/tarot/the-moon,2,252,2,The Moon — Tarot Card Meaning | Cosmic Spirit Guide,"The Moon (major). Upright: Illusion, fear, anxiety, subconscious, intuition. Reversed: Release of fear, repressed emotion, inner confusion.",,1,67,0,KEEP_SYNCED_OR_REVIEW_DUPLICATE,Route already resolves on new build; compare content and metadata before deciding canonical version.
/tarot/the-star,/tarot,200,200,https://cosmicspiritguide.com/tarot/the-star,https://csg-next.onrender.com/tarot/the-star,The Star Tarot Card Meaning | Upright & Reversed Guide,"The Star tarot card meaning: upright — Hope, faith, purpose, renewal, spirituality. Reversed — Lack of faith, despair, self-trust, disconnection. Learn the full interpretation and get a free online tarot reading.",https://cosmicspiritguide.com/tarot/the-star,2,265,2,The Star — Tarot Card Meaning | Cosmic Spirit Guide,"The Star (major). Upright: Hope, faith, purpose, renewal, spirituality. Reversed: Lack of faith, despair, self-trust, disconnection.",,1,66,0,KEEP_SYNCED_OR_REVIEW_DUPLICATE,Route already resolves on new build; compare content and metadata before deciding canonical version.
/tarot/the-sun,/tarot,200,200,https://cosmicspiritguide.com/tarot/the-sun,https://csg-next.onrender.com/tarot/the-sun,The Sun Tarot Card Meaning | Upright & Reversed Guide,"The Sun tarot card meaning: upright — Positivity, fun, warmth, success, vitality. Reversed — Inner child, feeling down, overly optimistic. Learn the full interpretation and get a free online tarot reading.",https://cosmicspiritguide.com/tarot/the-sun,2,252,2,The Sun — Tarot Card Meaning | Cosmic Spirit Guide,"The Sun (major). Upright: Positivity, fun, warmth, success, vitality. Reversed: Inner child, feeling down, overly optimistic.",,1,66,0,KEEP_SYNCED_OR_REVIEW_DUPLICATE,Route already resolves on new build; compare content and metadata before deciding canonical version.
/tarot/the-tower,/tarot,200,200,https://cosmicspiritguide.com/tarot/the-tower,https://csg-next.onrender.com/tarot/the-tower,The Tower Tarot Card Meaning | Upright & Reversed Guide,"The Tower tarot card meaning: upright — Sudden change, upheaval, chaos, revelation, awakening. Reversed — Personal transformation, fear of change, averting disaster. Learn the full interpretation and get a free online tarot reading.",https://cosmicspiritguide.com/tarot/the-tower,2,256,2,The Tower — Tarot Card Meaning | Cosmic Spirit Guide,"The Tower (major). Upright: Sudden change, upheaval, chaos, revelation, awakening. Reversed: Personal transformation, fear of change, averting disaster.",,1,68,0,KEEP_SYNCED_OR_REVIEW_DUPLICATE,Route already resolves on new build; compare content and metadata before deciding canonical version.
/tarot/the-world,/tarot,200,200,https://cosmicspiritguide.com/tarot/the-world,https://csg-next.onrender.com/tarot/the-world,The World Tarot Card Meaning | Upright & Reversed Guide,"The World tarot card meaning: upright — Completion, accomplishment, travel, achievement. Reversed — Seeking personal closure, short-cuts, delays. Learn the full interpretation and get a free online tarot reading.",https://cosmicspiritguide.com/tarot/the-world,2,247,2,The World — Tarot Card Meaning | Cosmic Spirit Guide,"The World (major). Upright: Completion, accomplishment, travel, achievement. Reversed: Seeking personal closure, short-cuts, delays.",,1,64,0,KEEP_SYNCED_OR_REVIEW_DUPLICATE,Route already resolves on new build; compare content and metadata before deciding canonical version.
/tarot/three-of-cups,/tarot,200,200,https://cosmicspiritguide.com/tarot/three-of-cups,https://csg-next.onrender.com/tarot/three-of-cups,Three of Cups Tarot Card Meaning | Upright & Reversed Guide,"Three of Cups tarot card meaning: upright — Celebration, friendship, creativity, collaborations. Reversed — Independence, alone time, hardcore partying, 'three's a crowd'. Learn the full interpretation and get a free online tarot reading.",https://cosmicspiritguide.com/tarot/three-of-cups,2,261,2,Three of Cups — Tarot Card Meaning | Cosmic Spirit Guide,"Three of Cups (cups). Upright: Celebration, friendship, creativity, collaborations. Reversed: Independence, alone time, hardcore partying, 'three's a crowd'.",,1,69,0,KEEP_SYNCED_OR_REVIEW_DUPLICATE,Route already resolves on new build; compare content and metadata before deciding canonical version.
/tarot/three-of-pentacles,/tarot,200,200,https://cosmicspiritguide.com/tarot/three-of-pentacles,https://csg-next.onrender.com/tarot/three-of-pentacles,Three of Pentacles Tarot Card Meaning | Upright & Reversed Guide,"Three of Pentacles tarot card meaning: upright — Teamwork, collaboration, learning, implementation. Reversed — Disharmony, misalignment, working alone. Learn the full interpretation and get a free online tarot reading.",https://cosmicspiritguide.com/tarot/three-of-pentacles,2,261,2,Three of Pentacles — Tarot Card Meaning | Cosmic Spirit Guide,"Three of Pentacles (pentacles). Upright: Teamwork, collaboration, learning, implementation. Reversed: Disharmony, misalignment, working alone.",,1,65,0,KEEP_SYNCED_OR_REVIEW_DUPLICATE,Route already resolves on new build; compare content and metadata before deciding canonical version.
/tarot/three-of-swords,/tarot,200,200,https://cosmicspiritguide.com/tarot/three-of-swords,https://csg-next.onrender.com/tarot/three-of-swords,Three of Swords Tarot Card Meaning | Upright & Reversed Guide,"Three of Swords tarot card meaning: upright — Heartbreak, emotional pain, sorrow, grief, hurt. Reversed — Negative self-talk, releasing pain, optimism, forgiveness. Learn the full interpretation and get a free online tarot reading.",https://cosmicspiritguide.com/tarot/three-of-swords,2,258,2,Three of Swords — Tarot Card Meaning | Cosmic Spirit Guide,"Three of Swords (swords). Upright: Heartbreak, emotional pain, sorrow, grief, hurt. Reversed: Negative self-talk, releasing pain, optimism, forgiveness.",,1,69,0,KEEP_SYNCED_OR_REVIEW_DUPLICATE,Route already resolves on new build; compare content and metadata before deciding canonical version.
/tarot/three-of-wands,/tarot,200,200,https://cosmicspiritguide.com/tarot/three-of-wands,https://csg-next.onrender.com/tarot/three-of-wands,Three of Wands Tarot Card Meaning | Upright & Reversed Guide,"Three of Wands tarot card meaning: upright — Progress, expansion, foresight, overseas opportunities. Reversed — Playing small, lack of foresight, unexpected delays. Learn the full interpretation and get a free online tarot reading.",https://cosmicspiritguide.com/tarot/three-of-wands,2,256,2,Three of Wands — Tarot Card Meaning | Cosmic Spirit Guide,"Three of Wands (wands). Upright: Progress, expansion, foresight, overseas opportunities. Reversed: Playing small, lack of foresight, unexpected delays.",,1,69,0,KEEP_SYNCED_OR_REVIEW_DUPLICATE,Route already resolves on new build; compare content and metadata before deciding canonical version.
/tarot/two-of-cups,/tarot,200,200,https://cosmicspiritguide.com/tarot/two-of-cups,https://csg-next.onrender.com/tarot/two-of-cups,Two of Cups Tarot Card Meaning | Upright & Reversed Guide,"Two of Cups tarot card meaning: upright — Unified love, partnership, mutual attraction. Reversed — Self-love, break-ups, disharmony, distrust. Learn the full interpretation and get a free online tarot reading.",https://cosmicspiritguide.com/tarot/two-of-cups,2,258,2,Two of Cups — Tarot Card Meaning | Cosmic Spirit Guide,"Two of Cups (cups). Upright: Unified love, partnership, mutual attraction. Reversed: Self-love, break-ups, disharmony, distrust.",,1,66,0,KEEP_SYNCED_OR_REVIEW_DUPLICATE,Route already resolves on new build; compare content and metadata before deciding canonical version.
/tarot/two-of-pentacles,/tarot,200,200,https://cosmicspiritguide.com/tarot/two-of-pentacles,https://csg-next.onrender.com/tarot/two-of-pentacles,Two of Pentacles Tarot Card Meaning | Upright & Reversed Guide,"Two of Pentacles tarot card meaning: upright — Multiple priorities, time management, prioritisation, adaptability. Reversed — Over-committed, disorganisation, reprioritisation. Learn the full interpretation and get a free online tarot reading.",https://cosmicspiritguide.com/tarot/two-of-pentacles,2,251,2,Two of Pentacles — Tarot Card Meaning | Cosmic Spirit Guide,"Two of Pentacles (pentacles). Upright: Multiple priorities, time management, prioritisation, adaptability. Reversed: Over-committed, disorganisation, reprioritisation.",,1,66,0,KEEP_SYNCED_OR_REVIEW_DUPLICATE,Route already resolves on new build; compare content and metadata before deciding canonical version.
/tarot/two-of-swords,/tarot,200,200,https://cosmicspiritguide.com/tarot/two-of-swords,https://csg-next.onrender.com/tarot/two-of-swords,Two of Swords Tarot Card Meaning | Upright & Reversed Guide,"Two of Swords tarot card meaning: upright — Difficult decisions, weighing up options, an impasse, avoidance. Reversed — Indecision, confusion, information overload, stalemate. Learn the full interpretation and get a free online tarot reading.",https://cosmicspiritguide.com/tarot/two-of-swords,2,259,2,Two of Swords — Tarot Card Meaning | Cosmic Spirit Guide,"Two of Swords (swords). Upright: Difficult decisions, weighing up options, an impasse, avoidance. Reversed: Indecision, confusion, information overload, stalemate.",,1,70,0,KEEP_SYNCED_OR_REVIEW_DUPLICATE,Route already resolves on new build; compare content and metadata before deciding canonical version.
/tarot/two-of-wands,/tarot,200,200,https://cosmicspiritguide.com/tarot/two-of-wands,https://csg-next.onrender.com/tarot/two-of-wands,Two of Wands Tarot Card Meaning | Upright & Reversed Guide,"Two of Wands tarot card meaning: upright — Future planning, progress, decisions, discovery. Reversed — Personal goals, inner alignment, fear of unknown, lack of planning. Learn the full interpretation and get a free online tarot reading.",https://cosmicspiritguide.com/tarot/two-of-wands,2,261,2,Two of Wands — Tarot Card Meaning | Cosmic Spirit Guide,"Two of Wands (wands). Upright: Future planning, progress, decisions, discovery. Reversed: Personal goals, inner alignment, fear of unknown, lack of planning.",,1,72,0,KEEP_SYNCED_OR_REVIEW_DUPLICATE,Route already resolves on new build; compare content and metadata before deciding canonical version.
/tarot/wheel-of-fortune,/tarot,200,200,https://cosmicspiritguide.com/tarot/wheel-of-fortune,https://csg-next.onrender.com/tarot/wheel-of-fortune,Wheel of Fortune Tarot Card Meaning | Upright & Reversed Guide,"Wheel of Fortune tarot card meaning: upright — Good luck, karma, life cycles, destiny, turning point. Reversed — Bad luck, resistance to change, breaking cycles. Learn the full interpretation and get a free online tarot reading.",https://cosmicspiritguide.com/tarot/wheel-of-fortune,2,268,2,Wheel of Fortune — Tarot Card Meaning | Cosmic Spirit Guide,"Wheel of Fortune (major). Upright: Good luck, karma, life cycles, destiny, turning point. Reversed: Bad luck, resistance to change, breaking cycles.",,1,72,0,KEEP_SYNCED_OR_REVIEW_DUPLICATE,Route already resolves on new build; compare content and metadata before deciding canonical version.
/terms,/terms,200,404,https://cosmicspiritguide.com/terms,https://csg-next.onrender.com/terms,Terms of Service | Cosmic Spirit Guide,Read the terms and conditions for using Cosmic Spirit Guide's astrology and tarot services.,https://cosmicspiritguide.com,2,566,2,404: This page could not be found.,"Interactive birth charts, celestial map explorer, and cosmic readings.",,1,57,0,REBUILD_REQUIRED,Trust/legal/entity page required for launch; rewrite/update rather than copy stale text.
/transits,/transits,200,404,https://cosmicspiritguide.com/transits,https://csg-next.onrender.com/transits,Planetary Transits Calculator & Daily Forecast | Cosmic Spirit Guide,Track current planetary transits and their impact on your birth chart. Free transit calculator with personalized daily astrology forecasts.,https://cosmicspiritguide.com,1,45,2,404: This page could not be found.,"Interactive birth charts, celestial map explorer, and cosmic readings.",,1,57,0,REBUILD_PROGRAMMATIC_IF_UNIQUE,"Programmatic family; retain only with unique intent, deterministic factual data, useful copy, and non-duplicative internal links."
/transits/2026-08-24,/transits,200,404,https://cosmicspiritguide.com/transits/2026-08-24,https://csg-next.onrender.com/transits/2026-08-24,"Daily Astrology Transit for August 24, 2026 | CosmicSpiritGuide","Read the daily astrology transit theme for August 24, 2026. Get practical spiritual guidance, reflection prompts, and a free personalized chart reading.",https://cosmicspiritguide.com/transits/2026-08-24,2,174,2,404: This page could not be found.,"Interactive birth charts, celestial map explorer, and cosmic readings.",,1,57,0,REBUILD_PROGRAMMATIC_IF_UNIQUE,"Programmatic family; retain only with unique intent, deterministic factual data, useful copy, and non-duplicative internal links."
/transits/2026-08-25,/transits,200,404,https://cosmicspiritguide.com/transits/2026-08-25,https://csg-next.onrender.com/transits/2026-08-25,"Daily Astrology Transit for August 25, 2026 | CosmicSpiritGuide","Read the daily astrology transit theme for August 25, 2026. Get practical spiritual guidance, reflection prompts, and a free personalized chart reading.",https://cosmicspiritguide.com/transits/2026-08-25,2,174,2,404: This page could not be found.,"Interactive birth charts, celestial map explorer, and cosmic readings.",,1,57,0,REBUILD_PROGRAMMATIC_IF_UNIQUE,"Programmatic family; retain only with unique intent, deterministic factual data, useful copy, and non-duplicative internal links."
/transits/2026-08-26,/transits,200,404,https://cosmicspiritguide.com/transits/2026-08-26,https://csg-next.onrender.com/transits/2026-08-26,"Daily Astrology Transit for August 26, 2026 | CosmicSpiritGuide","Read the daily astrology transit theme for August 26, 2026. Get practical spiritual guidance, reflection prompts, and a free personalized chart reading.",https://cosmicspiritguide.com/transits/2026-08-26,2,174,2,404: This page could not be found.,"Interactive birth charts, celestial map explorer, and cosmic readings.",,1,57,0,REBUILD_PROGRAMMATIC_IF_UNIQUE,"Programmatic family; retain only with unique intent, deterministic factual data, useful copy, and non-duplicative internal links."
/transits/2026-08-27,/transits,200,404,https://cosmicspiritguide.com/transits/2026-08-27,https://csg-next.onrender.com/transits/2026-08-27,"Daily Astrology Transit for August 27, 2026 | CosmicSpiritGuide","Read the daily astrology transit theme for August 27, 2026. Get practical spiritual guidance, reflection prompts, and a free personalized chart reading.",https://cosmicspiritguide.com/transits/2026-08-27,2,174,2,404: This page could not be found.,"Interactive birth charts, celestial map explorer, and cosmic readings.",,1,57,0,REBUILD_PROGRAMMATIC_IF_UNIQUE,"Programmatic family; retain only with unique intent, deterministic factual data, useful copy, and non-duplicative internal links."
/transits/2026-08-28,/transits,200,404,https://cosmicspiritguide.com/transits/2026-08-28,https://csg-next.onrender.com/transits/2026-08-28,"Daily Astrology Transit for August 28, 2026 | CosmicSpiritGuide","Read the daily astrology transit theme for August 28, 2026. Get practical spiritual guidance, reflection prompts, and a free personalized chart reading.",https://cosmicspiritguide.com/transits/2026-08-28,2,174,2,404: This page could not be found.,"Interactive birth charts, celestial map explorer, and cosmic readings.",,1,57,0,REBUILD_PROGRAMMATIC_IF_UNIQUE,"Programmatic family; retain only with unique intent, deterministic factual data, useful copy, and non-duplicative internal links."
/transits/2026-08-29,/transits,200,404,https://cosmicspiritguide.com/transits/2026-08-29,https://csg-next.onrender.com/transits/2026-08-29,"Daily Astrology Transit for August 29, 2026 | CosmicSpiritGuide","Read the daily astrology transit theme for August 29, 2026. Get practical spiritual guidance, reflection prompts, and a free personalized chart reading.",https://cosmicspiritguide.com/transits/2026-08-29,2,174,2,404: This page could not be found.,"Interactive birth charts, celestial map explorer, and cosmic readings.",,1,57,0,REBUILD_PROGRAMMATIC_IF_UNIQUE,"Programmatic family; retain only with unique intent, deterministic factual data, useful copy, and non-duplicative internal links."
/transits/2026-08-30,/transits,200,404,https://cosmicspiritguide.com/transits/2026-08-30,https://csg-next.onrender.com/transits/2026-08-30,"Daily Astrology Transit for August 30, 2026 | CosmicSpiritGuide","Read the daily astrology transit theme for August 30, 2026. Get practical spiritual guidance, reflection prompts, and a free personalized chart reading.",https://cosmicspiritguide.com/transits/2026-08-30,2,174,2,404: This page could not be found.,"Interactive birth charts, celestial map explorer, and cosmic readings.",,1,57,0,REBUILD_PROGRAMMATIC_IF_UNIQUE,"Programmatic family; retain only with unique intent, deterministic factual data, useful copy, and non-duplicative internal links."
/transits/2026-08-31,/transits,200,404,https://cosmicspiritguide.com/transits/2026-08-31,https://csg-next.onrender.com/transits/2026-08-31,"Daily Astrology Transit for August 31, 2026 | CosmicSpiritGuide","Read the daily astrology transit theme for August 31, 2026. Get practical spiritual guidance, reflection prompts, and a free personalized chart reading.",https://cosmicspiritguide.com/transits/2026-08-31,2,174,2,404: This page could not be found.,"Interactive birth charts, celestial map explorer, and cosmic readings.",,1,57,0,REBUILD_PROGRAMMATIC_IF_UNIQUE,"Programmatic family; retain only with unique intent, deterministic factual data, useful copy, and non-duplicative internal links."
/transits/2026-09-01,/transits,200,404,https://cosmicspiritguide.com/transits/2026-09-01,https://csg-next.onrender.com/transits/2026-09-01,"Daily Astrology Transit for September 1, 2026 | CosmicSpiritGuide","Read the daily astrology transit theme for September 1, 2026. Get practical spiritual guidance, reflection prompts, and a free personalized chart reading.",https://cosmicspiritguide.com/transits/2026-09-01,2,174,2,404: This page could not be found.,"Interactive birth charts, celestial map explorer, and cosmic readings.",,1,57,0,REBUILD_PROGRAMMATIC_IF_UNIQUE,"Programmatic family; retain only with unique intent, deterministic factual data, useful copy, and non-duplicative internal links."
/transits/2026-09-02,/transits,200,404,https://cosmicspiritguide.com/transits/2026-09-02,https://csg-next.onrender.com/transits/2026-09-02,"Daily Astrology Transit for September 2, 2026 | CosmicSpiritGuide","Read the daily astrology transit theme for September 2, 2026. Get practical spiritual guidance, reflection prompts, and a free personalized chart reading.",https://cosmicspiritguide.com/transits/2026-09-02,2,174,2,404: This page could not be found.,"Interactive birth charts, celestial map explorer, and cosmic readings.",,1,57,0,REBUILD_PROGRAMMATIC_IF_UNIQUE,"Programmatic family; retain only with unique intent, deterministic factual data, useful copy, and non-duplicative internal links."
/transits/2026-09-03,/transits,200,404,https://cosmicspiritguide.com/transits/2026-09-03,https://csg-next.onrender.com/transits/2026-09-03,"Daily Astrology Transit for September 3, 2026 | CosmicSpiritGuide","Read the daily astrology transit theme for September 3, 2026. Get practical spiritual guidance, reflection prompts, and a free personalized chart reading.",https://cosmicspiritguide.com/transits/2026-09-03,2,174,2,404: This page could not be found.,"Interactive birth charts, celestial map explorer, and cosmic readings.",,1,57,0,REBUILD_PROGRAMMATIC_IF_UNIQUE,"Programmatic family; retain only with unique intent, deterministic factual data, useful copy, and non-duplicative internal links."
/transits/2026-09-04,/transits,200,404,https://cosmicspiritguide.com/transits/2026-09-04,https://csg-next.onrender.com/transits/2026-09-04,"Daily Astrology Transit for September 4, 2026 | CosmicSpiritGuide","Read the daily astrology transit theme for September 4, 2026. Get practical spiritual guidance, reflection prompts, and a free personalized chart reading.",https://cosmicspiritguide.com/transits/2026-09-04,2,174,2,404: This page could not be found.,"Interactive birth charts, celestial map explorer, and cosmic readings.",,1,57,0,REBUILD_PROGRAMMATIC_IF_UNIQUE,"Programmatic family; retain only with unique intent, deterministic factual data, useful copy, and non-duplicative internal links."
/transits/2026-09-05,/transits,200,404,https://cosmicspiritguide.com/transits/2026-09-05,https://csg-next.onrender.com/transits/2026-09-05,"Daily Astrology Transit for September 5, 2026 | CosmicSpiritGuide","Read the daily astrology transit theme for September 5, 2026. Get practical spiritual guidance, reflection prompts, and a free personalized chart reading.",https://cosmicspiritguide.com/transits/2026-09-05,2,174,2,404: This page could not be found.,"Interactive birth charts, celestial map explorer, and cosmic readings.",,1,57,0,REBUILD_PROGRAMMATIC_IF_UNIQUE,"Programmatic family; retain only with unique intent, deterministic factual data, useful copy, and non-duplicative internal links."
/transits/2026-09-06,/transits,200,404,https://cosmicspiritguide.com/transits/2026-09-06,https://csg-next.onrender.com/transits/2026-09-06,"Daily Astrology Transit for September 6, 2026 | CosmicSpiritGuide","Read the daily astrology transit theme for September 6, 2026. Get practical spiritual guidance, reflection prompts, and a free personalized chart reading.",https://cosmicspiritguide.com/transits/2026-09-06,2,174,2,404: This page could not be found.,"Interactive birth charts, celestial map explorer, and cosmic readings.",,1,57,0,REBUILD_PROGRAMMATIC_IF_UNIQUE,"Programmatic family; retain only with unique intent, deterministic factual data, useful copy, and non-duplicative internal links."
/transits/2026-09-07,/transits,200,404,https://cosmicspiritguide.com/transits/2026-09-07,https://csg-next.onrender.com/transits/2026-09-07,"Daily Astrology Transit for September 7, 2026 | CosmicSpiritGuide","Read the daily astrology transit theme for September 7, 2026. Get practical spiritual guidance, reflection prompts, and a free personalized chart reading.",https://cosmicspiritguide.com/transits/2026-09-07,2,174,2,404: This page could not be found.,"Interactive birth charts, celestial map explorer, and cosmic readings.",,1,57,0,REBUILD_PROGRAMMATIC_IF_UNIQUE,"Programmatic family; retain only with unique intent, deterministic factual data, useful copy, and non-duplicative internal links."
/transits/2026-09-08,/transits,200,404,https://cosmicspiritguide.com/transits/2026-09-08,https://csg-next.onrender.com/transits/2026-09-08,"Daily Astrology Transit for September 8, 2026 | CosmicSpiritGuide","Read the daily astrology transit theme for September 8, 2026. Get practical spiritual guidance, reflection prompts, and a free personalized chart reading.",https://cosmicspiritguide.com/transits/2026-09-08,2,174,2,404: This page could not be found.,"Interactive birth charts, celestial map explorer, and cosmic readings.",,1,57,0,REBUILD_PROGRAMMATIC_IF_UNIQUE,"Programmatic family; retain only with unique intent, deterministic factual data, useful copy, and non-duplicative internal links."
/transits/2026-09-09,/transits,200,404,https://cosmicspiritguide.com/transits/2026-09-09,https://csg-next.onrender.com/transits/2026-09-09,"Daily Astrology Transit for September 9, 2026 | CosmicSpiritGuide","Read the daily astrology transit theme for September 9, 2026. Get practical spiritual guidance, reflection prompts, and a free personalized chart reading.",https://cosmicspiritguide.com/transits/2026-09-09,2,174,2,404: This page could not be found.,"Interactive birth charts, celestial map explorer, and cosmic readings.",,1,57,0,REBUILD_PROGRAMMATIC_IF_UNIQUE,"Programmatic family; retain only with unique intent, deterministic factual data, useful copy, and non-duplicative internal links."
/transits/2026-09-10,/transits,200,404,https://cosmicspiritguide.com/transits/2026-09-10,https://csg-next.onrender.com/transits/2026-09-10,"Daily Astrology Transit for September 10, 2026 | CosmicSpiritGuide","Read the daily astrology transit theme for September 10, 2026. Get practical spiritual guidance, reflection prompts, and a free personalized chart reading.",https://cosmicspiritguide.com/transits/2026-09-10,2,174,2,404: This page could not be found.,"Interactive birth charts, celestial map explorer, and cosmic readings.",,1,57,0,REBUILD_PROGRAMMATIC_IF_UNIQUE,"Programmatic family; retain only with unique intent, deterministic factual data, useful copy, and non-duplicative internal links."
/transits/2026-09-11,/transits,200,404,https://cosmicspiritguide.com/transits/2026-09-11,https://csg-next.onrender.com/transits/2026-09-11,"Daily Astrology Transit for September 11, 2026 | CosmicSpiritGuide","Read the daily astrology transit theme for September 11, 2026. Get practical spiritual guidance, reflection prompts, and a free personalized chart reading.",https://cosmicspiritguide.com/transits/2026-09-11,2,174,2,404: This page could not be found.,"Interactive birth charts, celestial map explorer, and cosmic readings.",,1,57,0,REBUILD_PROGRAMMATIC_IF_UNIQUE,"Programmatic family; retain only with unique intent, deterministic factual data, useful copy, and non-duplicative internal links."
/transits/2026-09-12,/transits,200,404,https://cosmicspiritguide.com/transits/2026-09-12,https://csg-next.onrender.com/transits/2026-09-12,"Daily Astrology Transit for September 12, 2026 | CosmicSpiritGuide","Read the daily astrology transit theme for September 12, 2026. Get practical spiritual guidance, reflection prompts, and a free personalized chart reading.",https://cosmicspiritguide.com/transits/2026-09-12,2,174,2,404: This page could not be found.,"Interactive birth charts, celestial map explorer, and cosmic readings.",,1,57,0,REBUILD_PROGRAMMATIC_IF_UNIQUE,"Programmatic family; retain only with unique intent, deterministic factual data, useful copy, and non-duplicative internal links."
/transits/2026-09-13,/transits,200,404,https://cosmicspiritguide.com/transits/2026-09-13,https://csg-next.onrender.com/transits/2026-09-13,"Daily Astrology Transit for September 13, 2026 | CosmicSpiritGuide","Read the daily astrology transit theme for September 13, 2026. Get practical spiritual guidance, reflection prompts, and a free personalized chart reading.",https://cosmicspiritguide.com/transits/2026-09-13,2,174,2,404: This page could not be found.,"Interactive birth charts, celestial map explorer, and cosmic readings.",,1,57,0,REBUILD_PROGRAMMATIC_IF_UNIQUE,"Programmatic family; retain only with unique intent, deterministic factual data, useful copy, and non-duplicative internal links."
/transits/2026-09-14,/transits,200,404,https://cosmicspiritguide.com/transits/2026-09-14,https://csg-next.onrender.com/transits/2026-09-14,"Daily Astrology Transit for September 14, 2026 | CosmicSpiritGuide","Read the daily astrology transit theme for September 14, 2026. Get practical spiritual guidance, reflection prompts, and a free personalized chart reading.",https://cosmicspiritguide.com/transits/2026-09-14,2,174,2,404: This page could not be found.,"Interactive birth charts, celestial map explorer, and cosmic readings.",,1,57,0,REBUILD_PROGRAMMATIC_IF_UNIQUE,"Programmatic family; retain only with unique intent, deterministic factual data, useful copy, and non-duplicative internal links."
/transits/2026-09-15,/transits,200,404,https://cosmicspiritguide.com/transits/2026-09-15,https://csg-next.onrender.com/transits/2026-09-15,"Daily Astrology Transit for September 15, 2026 | CosmicSpiritGuide","Read the daily astrology transit theme for September 15, 2026. Get practical spiritual guidance, reflection prompts, and a free personalized chart reading.",https://cosmicspiritguide.com/transits/2026-09-15,2,174,2,404: This page could not be found.,"Interactive birth charts, celestial map explorer, and cosmic readings.",,1,57,0,REBUILD_PROGRAMMATIC_IF_UNIQUE,"Programmatic family; retain only with unique intent, deterministic factual data, useful copy, and non-duplicative internal links."
/transits/2026-09-16,/transits,200,404,https://cosmicspiritguide.com/transits/2026-09-16,https://csg-next.onrender.com/transits/2026-09-16,"Daily Astrology Transit for September 16, 2026 | CosmicSpiritGuide","Read the daily astrology transit theme for September 16, 2026. Get practical spiritual guidance, reflection prompts, and a free personalized chart reading.",https://cosmicspiritguide.com/transits/2026-09-16,2,174,2,404: This page could not be found.,"Interactive birth charts, celestial map explorer, and cosmic readings.",,1,57,0,REBUILD_PROGRAMMATIC_IF_UNIQUE,"Programmatic family; retain only with unique intent, deterministic factual data, useful copy, and non-duplicative internal links."
/transits/2026-09-17,/transits,200,404,https://cosmicspiritguide.com/transits/2026-09-17,https://csg-next.onrender.com/transits/2026-09-17,"Daily Astrology Transit for September 17, 2026 | CosmicSpiritGuide","Read the daily astrology transit theme for September 17, 2026. Get practical spiritual guidance, reflection prompts, and a free personalized chart reading.",https://cosmicspiritguide.com/transits/2026-09-17,2,174,2,404: This page could not be found.,"Interactive birth charts, celestial map explorer, and cosmic readings.",,1,57,0,REBUILD_PROGRAMMATIC_IF_UNIQUE,"Programmatic family; retain only with unique intent, deterministic factual data, useful copy, and non-duplicative internal links."
/transits/2026-09-18,/transits,200,404,https://cosmicspiritguide.com/transits/2026-09-18,https://csg-next.onrender.com/transits/2026-09-18,"Daily Astrology Transit for September 18, 2026 | CosmicSpiritGuide","Read the daily astrology transit theme for September 18, 2026. Get practical spiritual guidance, reflection prompts, and a free personalized chart reading.",https://cosmicspiritguide.com/transits/2026-09-18,2,174,2,404: This page could not be found.,"Interactive birth charts, celestial map explorer, and cosmic readings.",,1,57,0,REBUILD_PROGRAMMATIC_IF_UNIQUE,"Programmatic family; retain only with unique intent, deterministic factual data, useful copy, and non-duplicative internal links."
/transits/2026-09-19,/transits,200,404,https://cosmicspiritguide.com/transits/2026-09-19,https://csg-next.onrender.com/transits/2026-09-19,"Daily Astrology Transit for September 19, 2026 | CosmicSpiritGuide","Read the daily astrology transit theme for September 19, 2026. Get practical spiritual guidance, reflection prompts, and a free personalized chart reading.",https://cosmicspiritguide.com/transits/2026-09-19,2,174,2,404: This page could not be found.,"Interactive birth charts, celestial map explorer, and cosmic readings.",,1,57,0,REBUILD_PROGRAMMATIC_IF_UNIQUE,"Programmatic family; retain only with unique intent, deterministic factual data, useful copy, and non-duplicative internal links."
/transits/2026-09-20,/transits,200,404,https://cosmicspiritguide.com/transits/2026-09-20,https://csg-next.onrender.com/transits/2026-09-20,"Daily Astrology Transit for September 20, 2026 | CosmicSpiritGuide","Read the daily astrology transit theme for September 20, 2026. Get practical spiritual guidance, reflection prompts, and a free personalized chart reading.",https://cosmicspiritguide.com/transits/2026-09-20,2,174,2,404: This page could not be found.,"Interactive birth charts, celestial map explorer, and cosmic readings.",,1,57,0,REBUILD_PROGRAMMATIC_IF_UNIQUE,"Programmatic family; retain only with unique intent, deterministic factual data, useful copy, and non-duplicative internal links."
/transits/2026-09-21,/transits,200,404,https://cosmicspiritguide.com/transits/2026-09-21,https://csg-next.onrender.com/transits/2026-09-21,"Daily Astrology Transit for September 21, 2026 | CosmicSpiritGuide","Read the daily astrology transit theme for September 21, 2026. Get practical spiritual guidance, reflection prompts, and a free personalized chart reading.",https://cosmicspiritguide.com/transits/2026-09-21,2,174,2,404: This page could not be found.,"Interactive birth charts, celestial map explorer, and cosmic readings.",,1,57,0,REBUILD_PROGRAMMATIC_IF_UNIQUE,"Programmatic family; retain only with unique intent, deterministic factual data, useful copy, and non-duplicative internal links."
/transits/2026-09-22,/transits,200,404,https://cosmicspiritguide.com/transits/2026-09-22,https://csg-next.onrender.com/transits/2026-09-22,"Daily Astrology Transit for September 22, 2026 | CosmicSpiritGuide","Read the daily astrology transit theme for September 22, 2026. Get practical spiritual guidance, reflection prompts, and a free personalized chart reading.",https://cosmicspiritguide.com/transits/2026-09-22,2,174,2,404: This page could not be found.,"Interactive birth charts, celestial map explorer, and cosmic readings.",,1,57,0,REBUILD_PROGRAMMATIC_IF_UNIQUE,"Programmatic family; retain only with unique intent, deterministic factual data, useful copy, and non-duplicative internal links."
/zodiac,/zodiac,200,404,https://cosmicspiritguide.com/zodiac,https://csg-next.onrender.com/zodiac,"Zodiac Signs Guide | Aries to Pisces — Traits, Compatibility & More","Complete guide to all 12 zodiac signs: Aries, Taurus, Gemini, Cancer, Leo, Virgo, Libra, Scorpio, Sagittarius, Capricorn, Aquarius, Pisces. Personality traits, love compatibility, and free birth chart reading.",https://cosmicspiritguide.com/zodiac,2,200,2,404: This page could not be found.,"Interactive birth charts, celestial map explorer, and cosmic readings.",,1,57,0,REBUILD_PROGRAMMATIC_IF_UNIQUE,"Programmatic family; retain only with unique intent, deterministic factual data, useful copy, and non-duplicative internal links."
/zodiac/aquarius,/zodiac,200,404,https://cosmicspiritguide.com/zodiac/aquarius,https://csg-next.onrender.com/zodiac/aquarius,"Aquarius Zodiac Sign | Traits, Personality & Compatibility Guide","Complete guide to Aquarius (Air Fixed): future-minded clarity, detachment, love compatibility, and free birth chart reading.",https://cosmicspiritguide.com/zodiac/aquarius,2,304,2,404: This page could not be found.,"Interactive birth charts, celestial map explorer, and cosmic readings.",,1,57,0,REBUILD_PROGRAMMATIC_IF_UNIQUE,"Programmatic family; retain only with unique intent, deterministic factual data, useful copy, and non-duplicative internal links."
/zodiac/aries,/zodiac,200,404,https://cosmicspiritguide.com/zodiac/aries,https://csg-next.onrender.com/zodiac/aries,"Aries Zodiac Sign | Traits, Personality & Compatibility Guide","Complete guide to Aries (Fire Cardinal): bold initiation, impatience, love compatibility, and free birth chart reading.",https://cosmicspiritguide.com/zodiac/aries,2,287,2,404: This page could not be found.,"Interactive birth charts, celestial map explorer, and cosmic readings.",,1,57,0,REBUILD_PROGRAMMATIC_IF_UNIQUE,"Programmatic family; retain only with unique intent, deterministic factual data, useful copy, and non-duplicative internal links."
/zodiac/cancer,/zodiac,200,404,https://cosmicspiritguide.com/zodiac/cancer,https://csg-next.onrender.com/zodiac/cancer,"Cancer Zodiac Sign | Traits, Personality & Compatibility Guide","Complete guide to Cancer (Water Cardinal): emotional protection, over-guarding, love compatibility, and free birth chart reading.",https://cosmicspiritguide.com/zodiac/cancer,2,300,2,404: This page could not be found.,"Interactive birth charts, celestial map explorer, and cosmic readings.",,1,57,0,REBUILD_PROGRAMMATIC_IF_UNIQUE,"Programmatic family; retain only with unique intent, deterministic factual data, useful copy, and non-duplicative internal links."
/zodiac/capricorn,/zodiac,200,404,https://cosmicspiritguide.com/zodiac/capricorn,https://csg-next.onrender.com/zodiac/capricorn,"Capricorn Zodiac Sign | Traits, Personality & Compatibility Guide","Complete guide to Capricorn (Earth Cardinal): disciplined ambition, self-pressure, love compatibility, and free birth chart reading.",https://cosmicspiritguide.com/zodiac/capricorn,2,293,2,404: This page could not be found.,"Interactive birth charts, celestial map explorer, and cosmic readings.",,1,57,0,REBUILD_PROGRAMMATIC_IF_UNIQUE,"Programmatic family; retain only with unique intent, deterministic factual data, useful copy, and non-duplicative internal links."
/zodiac/gemini,/zodiac,200,404,https://cosmicspiritguide.com/zodiac/gemini,https://csg-next.onrender.com/zodiac/gemini,"Gemini Zodiac Sign | Traits, Personality & Compatibility Guide","Complete guide to Gemini (Air Mutable): curious connection, scattered focus, love compatibility, and free birth chart reading.",https://cosmicspiritguide.com/zodiac/gemini,2,309,2,404: This page could not be found.,"Interactive birth charts, celestial map explorer, and cosmic readings.",,1,57,0,REBUILD_PROGRAMMATIC_IF_UNIQUE,"Programmatic family; retain only with unique intent, deterministic factual data, useful copy, and non-duplicative internal links."
/zodiac/leo,/zodiac,200,404,https://cosmicspiritguide.com/zodiac/leo,https://csg-next.onrender.com/zodiac/leo,"Leo Zodiac Sign | Traits, Personality & Compatibility Guide","Complete guide to Leo (Fire Fixed): radiant courage, approval seeking, love compatibility, and free birth chart reading.",https://cosmicspiritguide.com/zodiac/leo,2,294,2,404: This page could not be found.,"Interactive birth charts, celestial map explorer, and cosmic readings.",,1,57,0,REBUILD_PROGRAMMATIC_IF_UNIQUE,"Programmatic family; retain only with unique intent, deterministic factual data, useful copy, and non-duplicative internal links."
/zodiac/libra,/zodiac,200,404,https://cosmicspiritguide.com/zodiac/libra,https://csg-next.onrender.com/zodiac/libra,"Libra Zodiac Sign | Traits, Personality & Compatibility Guide","Complete guide to Libra (Air Cardinal): harmonious strategy, people pleasing, love compatibility, and free birth chart reading.",https://cosmicspiritguide.com/zodiac/libra,2,311,2,404: This page could not be found.,"Interactive birth charts, celestial map explorer, and cosmic readings.",,1,57,0,REBUILD_PROGRAMMATIC_IF_UNIQUE,"Programmatic family; retain only with unique intent, deterministic factual data, useful copy, and non-duplicative internal links."
/zodiac/pisces,/zodiac,200,404,https://cosmicspiritguide.com/zodiac/pisces,https://csg-next.onrender.com/zodiac/pisces,"Pisces Zodiac Sign | Traits, Personality & Compatibility Guide","Complete guide to Pisces (Water Mutable): mystic empathy, porous boundaries, love compatibility, and free birth chart reading.",https://cosmicspiritguide.com/zodiac/pisces,2,307,2,404: This page could not be found.,"Interactive birth charts, celestial map explorer, and cosmic readings.",,1,57,0,REBUILD_PROGRAMMATIC_IF_UNIQUE,"Programmatic family; retain only with unique intent, deterministic factual data, useful copy, and non-duplicative internal links."
/zodiac/sagittarius,/zodiac,200,404,https://cosmicspiritguide.com/zodiac/sagittarius,https://csg-next.onrender.com/zodiac/sagittarius,"Sagittarius Zodiac Sign | Traits, Personality & Compatibility Guide","Complete guide to Sagittarius (Fire Mutable): expansive faith, restlessness, love compatibility, and free birth chart reading.",https://cosmicspiritguide.com/zodiac/sagittarius,2,289,2,404: This page could not be found.,"Interactive birth charts, celestial map explorer, and cosmic readings.",,1,57,0,REBUILD_PROGRAMMATIC_IF_UNIQUE,"Programmatic family; retain only with unique intent, deterministic factual data, useful copy, and non-duplicative internal links."
/zodiac/scorpio,/zodiac,200,404,https://cosmicspiritguide.com/zodiac/scorpio,https://csg-next.onrender.com/zodiac/scorpio,"Scorpio Zodiac Sign | Traits, Personality & Compatibility Guide","Complete guide to Scorpio (Water Fixed): transformational depth, control, love compatibility, and free birth chart reading.",https://cosmicspiritguide.com/zodiac/scorpio,2,304,2,404: This page could not be found.,"Interactive birth charts, celestial map explorer, and cosmic readings.",,1,57,0,REBUILD_PROGRAMMATIC_IF_UNIQUE,"Programmatic family; retain only with unique intent, deterministic factual data, useful copy, and non-duplicative internal links."
/zodiac/taurus,/zodiac,200,404,https://cosmicspiritguide.com/zodiac/taurus,https://csg-next.onrender.com/zodiac/taurus,"Taurus Zodiac Sign | Traits, Personality & Compatibility Guide","Complete guide to Taurus (Earth Fixed): steady devotion, resistance to change, love compatibility, and free birth chart reading.",https://cosmicspiritguide.com/zodiac/taurus,2,295,2,404: This page could not be found.,"Interactive birth charts, celestial map explorer, and cosmic readings.",,1,57,0,REBUILD_PROGRAMMATIC_IF_UNIQUE,"Programmatic family; retain only with unique intent, deterministic factual data, useful copy, and non-duplicative internal links."
/zodiac/virgo,/zodiac,200,404,https://cosmicspiritguide.com/zodiac/virgo,https://csg-next.onrender.com/zodiac/virgo,"Virgo Zodiac Sign | Traits, Personality & Compatibility Guide","Complete guide to Virgo (Earth Mutable): useful precision, perfectionism, love compatibility, and free birth chart reading.",https://cosmicspiritguide.com/zodiac/virgo,2,289,2,404: This page could not be found.,"Interactive birth charts, celestial map explorer, and cosmic readings.",,1,57,0,REBUILD_PROGRAMMATIC_IF_UNIQUE,"Programmatic family; retain only with unique intent, deterministic factual data, useful copy, and non-duplicative internal links."
